id,batchID,batchIDLastChangedAt,gameID,gameIDLastChangedAt,lastWord,lastWordLastChangedAt,playerID,playerIDLastChangedAt,roundID,roundIDLastChangedAt,score,scoreLastChangedAt,words,wordsLastChangedAt
01JA5CW1RPFDW460X6QRY6Z3PV,01JA5CV2AQECD0DQV64NWR1P3X,2024-10-14T12:33:31.030778676+01:00,01JA5CV2B03DRBN4AA1PXE5DAS,2024-10-14T12:33:31.030778676+01:00,,,01JA5CVBW94JMV7G59XQ8ZNTV9,2024-10-14T12:33:31.030778676+01:00,01JA5CVFP4KA64GVD2G912N7H7,2024-10-14T12:33:31.030778676+01:00,1,2024-10-14T12:33:47.320240225+01:00,,
01JA5CXJEX0QFTPD6T6T0ZQBVJ,01JA5CV2AQECD0DQV64NWR1P3X,2024-10-14T12:34:20.893544287+01:00,01JA5CV2B03DRBN4AA1PXE5DAS,2024-10-14T12:34:20.893544287+01:00,,,01JA5CVBW94JMV7G59XQ8ZNTV9,2024-10-14T12:34:20.893544287+01:00,01JA5CVFP4KA64GVD2GK80HHSQ,2024-10-14T12:34:20.893544287+01:00,2,2024-10-14T12:34:38.713711576+01:00,,
01JA5CZ931H9SG9TBP7YB26T0Y,01JA5CV2AQECD0DQV64NWR1P3X,2024-10-14T12:35:16.833474112+01:00,01JA5CV2B03DRBN4AA1PXE5DAS,2024-10-14T12:35:16.833474112+01:00,,,01JA5CV9GXQMVN7WM92D3QS97K,2024-10-14T12:35:16.833474112+01:00,01JA5CVFP4KA64GVD2H1VSNE3G,2024-10-14T12:35:16.833474112+01:00,5,2024-10-14T12:35:49.284153318+01:00,,
01JA5CZ931H9SG9TBP87BC3DE6,01JA5CV2AQECD0DQV64NWR1P3X,2024-10-14T12:35:16.833563542+01:00,01JA5CV2B03DRBN4AA1PXE5DAS,2024-10-14T12:35:16.833563542+01:00,,,01JA5CVBW94JMV7G59XQ8ZNTV9,2024-10-14T12:35:16.833563542+01:00,01JA5CVFP4KA64GVD2H1VSNE3G,2024-10-14T12:35:16.833563542+01:00,5,2024-10-14T12:35:49.286153168+01:00,,
01JA5D0RZ4J4Z0J75NNWRSK19Z,01JA5CV2AQECD0DQV64NWR1P3X,2024-10-14T12:36:05.860372351+01:00,01JA5CV2B03DRBN4AA1PXE5DAS,2024-10-14T12:36:05.860372351+01:00,,,01JA5CV9GXQMVN7WM92D3QS97K,2024-10-14T12:36:05.860372351+01:00,01JA5CVFP4KA64GVD2HVQAHXYQ,2024-10-14T12:36:05.860372351+01:00,,,,
01JA5D0RZ4J4Z0J75NP50MJ817,01JA5CV2AQECD0DQV64NWR1P3X,2024-10-14T12:36:05.860472762+01:00,01JA5CV2B03DRBN4AA1PXE5DAS,2024-10-14T12:36:05.860472762+01:00,Bird,2024-10-14T12:36:16.765215064+01:00,01JA5CVBW94JMV7G59XQ8ZNTV9,2024-10-14T12:36:05.860472762+01:00,01JA5CVFP4KA64GVD2HVQAHXYQ,2024-10-14T12:36:05.860472762+01:00,3,2024-10-14T12:36:16.765751286+01:00,"[{""text"":""Doh"",""source"":""user"",""timestamp"":4800},{""text"":""Aardvark"",""source"":""ai"",""timestamp"":5604},{""text"":""Bird"",""source"":""user"",""timestamp"":9512},{""text"":""Kangaroo"",""source"":""ai"",""timestamp"":10639}]",2024-10-14T12:36:17.824724459+01:00
01JA5CW1RPFDW460X6QA65TKQ8,01JA5CV2AQECD0DQV64NWR1P3X,2024-10-14T12:33:31.030691633+01:00,01JA5CV2B03DRBN4AA1PXE5DAS,2024-10-14T12:33:31.030691633+01:00,,,01JA5CV9GXQMVN7WM92D3QS97K,2024-10-14T12:33:31.030691633+01:00,01JA5CVFP4KA64GVD2G912N7H7,2024-10-14T12:33:31.030691633+01:00,1,2024-10-14T12:33:47.315037659+01:00,,
01JA5CVFSEXGRATM13R2V407YY,01JA5CV2AQECD0DQV64NWR1P3X,2024-10-14T12:33:12.62278839+01:00,01JA5CV2B03DRBN4AA1PXE5DAS,2024-10-14T12:33:12.62278839+01:00,,,01JA5CVBW94JMV7G59XQ8ZNTV9,2024-10-14T12:33:12.62278839+01:00,01JA5CVFP4KA64GVD2FQG0CQTA,2024-10-14T12:33:12.62278839+01:00,,,,
01JA5CXJEX0QFTPD6T6B9PVN7F,01JA5CV2AQECD0DQV64NWR1P3X,2024-10-14T12:34:20.893414755+01:00,01JA5CV2B03DRBN4AA1PXE5DAS,2024-10-14T12:34:20.893414755+01:00,,,01JA5CV9GXQMVN7WM92D3QS97K,2024-10-14T12:34:20.893414755+01:00,01JA5CVFP4KA64GVD2GK80HHSQ,2024-10-14T12:34:20.893414755+01:00,2,2024-10-14T12:34:38.718609141+01:00,,
01JA5CYQGBY8QNBBTT9DP1QCC7,01JA5CV2AQECD0DQV64NWR1P3X,2024-10-14T12:34:58.827616721+01:00,01JA5CV2B03DRBN4AA1PXE5DAS,2024-10-14T12:34:58.827616721+01:00,,,01JA5CV9GXQMVN7WM92D3QS97K,2024-10-14T12:34:58.827616721+01:00,01JA5CVFP4KA64GVD2HHA8G1YY,2024-10-14T12:34:58.827616721+01:00,,,,
01JA5CYQGBY8QNBBTT9TSVJXCX,01JA5CV2AQECD0DQV64NWR1P3X,2024-10-14T12:34:58.827689732+01:00,01JA5CV2B03DRBN4AA1PXE5DAS,2024-10-14T12:34:58.827689732+01:00,Lion,2024-10-14T12:35:11.037221168+01:00,01JA5CVBW94JMV7G59XQ8ZNTV9,2024-10-14T12:34:58.827689732+01:00,01JA5CVFP4KA64GVD2HHA8G1YY,2024-10-14T12:34:58.827689732+01:00,2,2024-10-14T12:35:11.037449323+01:00,"[{""text"":""Dog"",""source"":""user"",""timestamp"":3553},{""text"":""Tiger"",""source"":""ai"",""timestamp"":6252},{""text"":""Lion"",""source"":""user"",""timestamp"":11034}]",2024-10-14T12:35:11.036997296+01:00
01JA5CVFSEXGRATM13QPGAE51B,01JA5CV2AQECD0DQV64NWR1P3X,2024-10-14T12:33:12.622738031+01:00,01JA5CV2B03DRBN4AA1PXE5DAS,2024-10-14T12:33:12.622738031+01:00,,,01JA5CV9GXQMVN7WM92D3QS97K,2024-10-14T12:33:12.622738031+01:00,01JA5CVFP4KA64GVD2FQG0CQTA,2024-10-14T12:33:12.622738031+01:00,,,,
