id,apiResponse,apiResponseLastChangedAt,batchID,batchIDLastChangedAt,gameID,gameIDLastChangedAt,playerID,playerIDLastChangedAt,roundID,roundIDLastChangedAt,stageID,stageIDLastChangedAt,submit,submitLastChangedAt
01JA5CXJF5N4DPWXNM8H9WPFR0,,,01JA5CV2AQECD0DQV64NWR1P3X,2024-10-14T12:34:20.901998913+01:00,01JA5CV2B03DRBN4AA1PXE5DAS,2024-10-14T12:34:20.901998913+01:00,01JA5CVBW94JMV7G59XQ8ZNTV9,2024-10-14T12:34:20.901998913+01:00,01JA5CVFP4KA64GVD2GK80HHSQ,2024-10-14T12:34:20.901998913+01:00,01JA5CVFPG9E9DJ1SAE5979JVF,2024-10-14T12:34:20.901998913+01:00,,
01JA5D0RZC98V235WKB3RCWVBP,null,2024-10-14T12:36:17.822214195+01:00,01JA5CV2AQECD0DQV64NWR1P3X,2024-10-14T12:36:05.868297841+01:00,01JA5CV2B03DRBN4AA1PXE5DAS,2024-10-14T12:36:05.868297841+01:00,01JA5CVBW94JMV7G59XQ8ZNTV9,2024-10-14T12:36:05.868297841+01:00,01JA5CVFP4KA64GVD2HVQAHXYQ,2024-10-14T12:36:05.868297841+01:00,01JA5CVFPVT800TFQVZ4YBTJ4W,2024-10-14T12:36:05.868297841+01:00,,
01JA5CX1WVZEVCJZP8B3F8HDZB,,,01JA5CV2AQECD0DQV64NWR1P3X,2024-10-14T12:34:03.931201458+01:00,01JA5CV2B03DRBN4AA1PXE5DAS,2024-10-14T12:34:03.931201458+01:00,01JA5CVBW94JMV7G59XQ8ZNTV9,2024-10-14T12:34:03.931201458+01:00,01JA5CVFP4KA64GVD2G912N7H7,2024-10-14T12:34:03.931201458+01:00,01JA5CVFPDR3ASE4MVRXVTPH1A,2024-10-14T12:34:03.931201458+01:00,true,2024-10-14T12:34:20.880203653+01:00
01JA5CW1RX76HEPP6G10PMBQTE,,,01JA5CV2AQECD0DQV64NWR1P3X,2024-10-14T12:33:31.037689365+01:00,01JA5CV2B03DRBN4AA1PXE5DAS,2024-10-14T12:33:31.037689365+01:00,01JA5CV9GXQMVN7WM92D3QS97K,2024-10-14T12:33:31.037689365+01:00,01JA5CVFP4KA64GVD2G912N7H7,2024-10-14T12:33:31.037689365+01:00,01JA5CVFPDR3ASE4MVR9EY3X9S,2024-10-14T12:33:31.037689365+01:00,,
01JA5CXJF5N4DPWXNM84DQT0JZ,,,01JA5CV2AQECD0DQV64NWR1P3X,2024-10-14T12:34:20.901903279+01:00,01JA5CV2B03DRBN4AA1PXE5DAS,2024-10-14T12:34:20.901903279+01:00,01JA5CV9GXQMVN7WM92D3QS97K,2024-10-14T12:34:20.901903279+01:00,01JA5CVFP4KA64GVD2GK80HHSQ,2024-10-14T12:34:20.901903279+01:00,01JA5CVFPG9E9DJ1SAE5979JVF,2024-10-14T12:34:20.901903279+01:00,,
01JA5CYJN6WW2FE8PYWPM6PXRQ,,,01JA5CV2AQECD0DQV64NWR1P3X,2024-10-14T12:34:53.862100675+01:00,01JA5CV2B03DRBN4AA1PXE5DAS,2024-10-14T12:34:53.862100675+01:00,01JA5CV9GXQMVN7WM92D3QS97K,2024-10-14T12:34:53.862100675+01:00,01JA5CVFP4KA64GVD2GK80HHSQ,2024-10-14T12:34:53.862100675+01:00,01JA5CVFPG9E9DJ1SAESC7QYBJ,2024-10-14T12:34:53.862100675+01:00,true,2024-10-14T12:34:57.070277018+01:00
01JA5CZ483WVZ42WFH4D69VK3N,,,01JA5CV2AQECD0DQV64NWR1P3X,2024-10-14T12:35:11.875663041+01:00,01JA5CV2B03DRBN4AA1PXE5DAS,2024-10-14T12:35:11.875663041+01:00,01JA5CV9GXQMVN7WM92D3QS97K,2024-10-14T12:35:11.875663041+01:00,01JA5CVFP4KA64GVD2HHA8G1YY,2024-10-14T12:35:11.875663041+01:00,01JA5CVFPMSPSP6FTPXKJYP890,2024-10-14T12:35:11.875663041+01:00,true,2024-10-14T12:35:16.820630646+01:00
01JA5CZ483WVZ42WFH4S3KZE6M,,,01JA5CV2AQECD0DQV64NWR1P3X,2024-10-14T12:35:11.875751582+01:00,01JA5CV2B03DRBN4AA1PXE5DAS,2024-10-14T12:35:11.875751582+01:00,01JA5CVBW94JMV7G59XQ8ZNTV9,2024-10-14T12:35:11.875751582+01:00,01JA5CVFP4KA64GVD2HHA8G1YY,2024-10-14T12:35:11.875751582+01:00,01JA5CVFPMSPSP6FTPXKJYP890,2024-10-14T12:35:11.875751582+01:00,true,2024-10-14T12:35:15.385660094+01:00
01JA5CZ939K70C8W007RHM47XE,,,01JA5CV2AQECD0DQV64NWR1P3X,2024-10-14T12:35:16.841741568+01:00,01JA5CV2B03DRBN4AA1PXE5DAS,2024-10-14T12:35:16.841741568+01:00,01JA5CV9GXQMVN7WM92D3QS97K,2024-10-14T12:35:16.841741568+01:00,01JA5CVFP4KA64GVD2H1VSNE3G,2024-10-14T12:35:16.841741568+01:00,01JA5CVFPQGSKZ16F03VTYN4A7,2024-10-14T12:35:16.841741568+01:00,,
01JA5CZ939K70C8W0087HSFS4X,,,01JA5CV2AQECD0DQV64NWR1P3X,2024-10-14T12:35:16.841820879+01:00,01JA5CV2B03DRBN4AA1PXE5DAS,2024-10-14T12:35:16.841820879+01:00,01JA5CVBW94JMV7G59XQ8ZNTV9,2024-10-14T12:35:16.841820879+01:00,01JA5CVFP4KA64GVD2H1VSNE3G,2024-10-14T12:35:16.841820879+01:00,01JA5CVFPQGSKZ16F03VTYN4A7,2024-10-14T12:35:16.841820879+01:00,,
01JA5CVFSZMC0K3FAJSTA5F38X,"A cheesy pun to start our conversation. I'm happy to meet you too. What's on your mind, or would you like to grate some conversation topics?",2024-10-14T12:33:17.601965833+01:00,01JA5CV2AQECD0DQV64NWR1P3X,2024-10-14T12:33:12.639186287+01:00,01JA5CV2B03DRBN4AA1PXE5DAS,2024-10-14T12:33:12.639186287+01:00,01JA5CVBW94JMV7G59XQ8ZNTV9,2024-10-14T12:33:12.639186287+01:00,01JA5CVFP4KA64GVD2FQG0CQTA,2024-10-14T12:33:12.639186287+01:00,01JA5CVFP99XEQKP7NB17HSKFM,2024-10-14T12:33:12.639186287+01:00,true,2024-10-14T12:33:31.017134164+01:00
01JA5D15BD86YA80E293Y9QN5X,,,01JA5CV2AQECD0DQV64NWR1P3X,2024-10-14T12:36:18.541394072+01:00,01JA5CV2B03DRBN4AA1PXE5DAS,2024-10-14T12:36:18.541394072+01:00,01JA5CVBW94JMV7G59XQ8ZNTV9,2024-10-14T12:36:18.541394072+01:00,01JA5CVFP4KA64GVD2HVQAHXYQ,2024-10-14T12:36:18.541394072+01:00,01JA5CVFPVT800TFQVZTHH96ME,2024-10-14T12:36:18.541394072+01:00,true,2024-10-14T12:36:30.411806113+01:00
01JA5CW1RX76HEPP6G1950NADM,,,01JA5CV2AQECD0DQV64NWR1P3X,2024-10-14T12:33:31.037780178+01:00,01JA5CV2B03DRBN4AA1PXE5DAS,2024-10-14T12:33:31.037780178+01:00,01JA5CVBW94JMV7G59XQ8ZNTV9,2024-10-14T12:33:31.037780178+01:00,01JA5CVFP4KA64GVD2G912N7H7,2024-10-14T12:33:31.037780178+01:00,01JA5CVFPDR3ASE4MVR9EY3X9S,2024-10-14T12:33:31.037780178+01:00,,
01JA5CX1WVZEVCJZP8AJMZ4P74,,,01JA5CV2AQECD0DQV64NWR1P3X,2024-10-14T12:34:03.931085558+01:00,01JA5CV2B03DRBN4AA1PXE5DAS,2024-10-14T12:34:03.931085558+01:00,01JA5CV9GXQMVN7WM92D3QS97K,2024-10-14T12:34:03.931085558+01:00,01JA5CVFP4KA64GVD2G912N7H7,2024-10-14T12:34:03.931085558+01:00,01JA5CVFPDR3ASE4MVRXVTPH1A,2024-10-14T12:34:03.931085558+01:00,true,2024-10-14T12:34:18.829286889+01:00
01JA5D08Z13RQRF4BMQK7KYSNP,,,01JA5CV2AQECD0DQV64NWR1P3X,2024-10-14T12:35:49.473440676+01:00,01JA5CV2B03DRBN4AA1PXE5DAS,2024-10-14T12:35:49.473440676+01:00,01JA5CV9GXQMVN7WM92D3QS97K,2024-10-14T12:35:49.473440676+01:00,01JA5CVFP4KA64GVD2H1VSNE3G,2024-10-14T12:35:49.473440676+01:00,01JA5CVFPQGSKZ16F04HS6W2MM,2024-10-14T12:35:49.473440676+01:00,true,2024-10-14T12:36:03.586720121+01:00
01JA5D0RZC98V235WKASKYYXTA,,,01JA5CV2AQECD0DQV64NWR1P3X,2024-10-14T12:36:05.868153983+01:00,01JA5CV2B03DRBN4AA1PXE5DAS,2024-10-14T12:36:05.868153983+01:00,01JA5CV9GXQMVN7WM92D3QS97K,2024-10-14T12:36:05.868153983+01:00,01JA5CVFP4KA64GVD2HVQAHXYQ,2024-10-14T12:36:05.868153983+01:00,01JA5CVFPVT800TFQVZ4YBTJ4W,2024-10-14T12:36:05.868153983+01:00,,
01JA5CVFSZMC0K3FAJT6T9EBPD,"It sounds like you're feeling a little cheesy. That's a gouda pun, by the way. What's on your mind? Want to chat about cheese or something else?",2024-10-14T12:33:19.365450453+01:00,01JA5CV2AQECD0DQV64NWR1P3X,2024-10-14T12:33:12.63932034+01:00,01JA5CV2B03DRBN4AA1PXE5DAS,2024-10-14T12:33:12.63932034+01:00,01JA5CV9GXQMVN7WM92D3QS97K,2024-10-14T12:33:12.63932034+01:00,01JA5CVFP4KA64GVD2FQG0CQTA,2024-10-14T12:33:12.63932034+01:00,01JA5CVFP99XEQKP7NB17HSKFM,2024-10-14T12:33:12.63932034+01:00,true,2024-10-14T12:33:20.398623647+01:00
01JA5CYQGKQYJ6Z95VET4B8XKX,,,01JA5CV2AQECD0DQV64NWR1P3X,2024-10-14T12:34:58.835337106+01:00,01JA5CV2B03DRBN4AA1PXE5DAS,2024-10-14T12:34:58.835337106+01:00,01JA5CV9GXQMVN7WM92D3QS97K,2024-10-14T12:34:58.835337106+01:00,01JA5CVFP4KA64GVD2HHA8G1YY,2024-10-14T12:34:58.835337106+01:00,01JA5CVFPMSPSP6FTPWZ8X5G62,2024-10-14T12:34:58.835337106+01:00,,
01JA5CYQGKQYJ6Z95VFBP26KDX,null,2024-10-14T12:35:06.604029077+01:00,01JA5CV2AQECD0DQV64NWR1P3X,2024-10-14T12:34:58.835418915+01:00,01JA5CV2B03DRBN4AA1PXE5DAS,2024-10-14T12:34:58.835418915+01:00,01JA5CVBW94JMV7G59XQ8ZNTV9,2024-10-14T12:34:58.835418915+01:00,01JA5CVFP4KA64GVD2HHA8G1YY,2024-10-14T12:34:58.835418915+01:00,01JA5CVFPMSPSP6FTPWZ8X5G62,2024-10-14T12:34:58.835418915+01:00,,
01JA5D08Z13RQRF4BMR67A113Y,,,01JA5CV2AQECD0DQV64NWR1P3X,2024-10-14T12:35:49.473563444+01:00,01JA5CV2B03DRBN4AA1PXE5DAS,2024-10-14T12:35:49.473563444+01:00,01JA5CVBW94JMV7G59XQ8ZNTV9,2024-10-14T12:35:49.473563444+01:00,01JA5CVFP4KA64GVD2H1VSNE3G,2024-10-14T12:35:49.473563444+01:00,01JA5CVFPQGSKZ16F04HS6W2MM,2024-10-14T12:35:49.473563444+01:00,true,2024-10-14T12:36:05.848208989+01:00
01JA5D15BD86YA80E29K693VHF,,,01JA5CV2AQECD0DQV64NWR1P3X,2024-10-14T12:36:18.541521005+01:00,01JA5CV2B03DRBN4AA1PXE5DAS,2024-10-14T12:36:18.541521005+01:00,01JA5CV9GXQMVN7WM92D3QS97K,2024-10-14T12:36:18.541521005+01:00,01JA5CVFP4KA64GVD2HVQAHXYQ,2024-10-14T12:36:18.541521005+01:00,01JA5CVFPVT800TFQVZTHH96ME,2024-10-14T12:36:18.541521005+01:00,true,2024-10-14T12:36:21.840007069+01:00
01JA5CYJN6WW2FE8PYX1R4YR0K,,,01JA5CV2AQECD0DQV64NWR1P3X,2024-10-14T12:34:53.862167556+01:00,01JA5CV2B03DRBN4AA1PXE5DAS,2024-10-14T12:34:53.862167556+01:00,01JA5CVBW94JMV7G59XQ8ZNTV9,2024-10-14T12:34:53.862167556+01:00,01JA5CVFP4KA64GVD2GK80HHSQ,2024-10-14T12:34:53.862167556+01:00,01JA5CVFPG9E9DJ1SAESC7QYBJ,2024-10-14T12:34:53.862167556+01:00,true,2024-10-14T12:34:58.817015193+01:00
