id,batchID,batchIDLastChangedAt,currentTurnPlayerId,currentTurnPlayerIdLastChangedAt,ended,endedLastChangedAt,gameID,gameIDLastChangedAt,index,indexLastChangedAt,name,nameLastChangedAt,score,scoreLastChangedAt,stageIndex,stageIndexLastChangedAt,start,startLastChangedAt,startTime,startTimeLastChangedAt,waitingForAssistant,waitingForAssistantLastChangedAt,words,wordsLastChangedAt
01JA5CVFP4KA64GVD2G912N7H7,01JA5CV2AQECD0DQV64NWR1P3X,2024-10-14T12:33:12.516383871+01:00,,,true,2024-10-14T12:34:20.888866516+01:00,01JA5CV2B03DRBN4AA1PXE5DAS,2024-10-14T12:33:12.516383871+01:00,1,2024-10-14T12:33:12.516383871+01:00,HHCollab,2024-10-14T12:33:12.516383871+01:00,,,2,2024-10-14T12:33:12.526100625+01:00,true,2024-10-14T12:33:31.0277207+01:00,1728905611032,2024-10-14T12:33:31.033286019+01:00,false,2024-10-14T12:34:02.536882961+01:00,"[{""text"":""Tiger"",""source"":""helper"",""timestamp"":11128},{""text"":""Ca"",""source"":""main"",""timestamp"":17295},{""text"":""Dog"",""source"":""helper"",""timestamp"":30512}]",2024-10-14T12:34:02.528865126+01:00
01JA5CVFP4KA64GVD2GK80HHSQ,01JA5CV2AQECD0DQV64NWR1P3X,2024-10-14T12:33:12.516507806+01:00,,,true,2024-10-14T12:34:58.822821933+01:00,01JA5CV2B03DRBN4AA1PXE5DAS,2024-10-14T12:33:12.516507806+01:00,2,2024-10-14T12:33:12.516507806+01:00,HHCollabSwitched,2024-10-14T12:33:12.516507806+01:00,,,2,2024-10-14T12:33:12.529706989+01:00,true,2024-10-14T12:34:20.89081511+01:00,1728905660896,2024-10-14T12:34:20.897213877+01:00,false,2024-10-14T12:34:46.777309514+01:00,"[{""text"":""Dolphin"",""source"":""main"",""timestamp"":4824},{""text"":""Fish"",""source"":""main"",""timestamp"":17000},{""text"":""Jellyfish"",""source"":""helper"",""timestamp"":25951}]",2024-10-14T12:34:46.769875279+01:00
01JA5CVFP4KA64GVD2H1VSNE3G,01JA5CV2AQECD0DQV64NWR1P3X,2024-10-14T12:33:12.5165588+01:00,01JA5CVBW94JMV7G59XQ8ZNTV9,2024-10-14T12:35:49.283859114+01:00,true,2024-10-14T12:36:05.855779995+01:00,01JA5CV2B03DRBN4AA1PXE5DAS,2024-10-14T12:33:12.5165588+01:00,4,2024-10-14T12:33:12.5165588+01:00,HHInterleaved,2024-10-14T12:33:12.5165588+01:00,0,2024-10-14T12:35:16.835815887+01:00,2,2024-10-14T12:33:12.536901141+01:00,true,2024-10-14T12:35:16.83099765+01:00,1728905716835,2024-10-14T12:35:16.835815887+01:00,,,"[{""text"":""Dog"",""player"":""01JA5CV9GXQMVN7WM92D3QS97K"",""timestamp"":1603},{""text"":""Cheetah"",""player"":""01JA5CVBW94JMV7G59XQ8ZNTV9"",""timestamp"":6747},{""text"":""Hyena"",""player"":""01JA5CV9GXQMVN7WM92D3QS97K"",""timestamp"":11651},{""text"":""Giraffe"",""player"":""01JA5CVBW94JMV7G59XQ8ZNTV9"",""timestamp"":16509},{""text"":""Zebra"",""player"":""01JA5CV9GXQMVN7WM92D3QS97K"",""timestamp"":31620}]",2024-10-14T12:35:49.27601775+01:00
01JA5CVFP4KA64GVD2HHA8G1YY,01JA5CV2AQECD0DQV64NWR1P3X,2024-10-14T12:33:12.51672098+01:00,,,true,2024-10-14T12:35:16.82897026+01:00,01JA5CV2B03DRBN4AA1PXE5DAS,2024-10-14T12:33:12.51672098+01:00,3,2024-10-14T12:33:12.51672098+01:00,VFTask,2024-10-14T12:33:12.51672098+01:00,,,2,2024-10-14T12:33:12.533378769+01:00,true,2024-10-14T12:34:58.824973651+01:00,1728905698829,2024-10-14T12:34:58.830352097+01:00,,,,
01JA5CVFP4KA64GVD2HVQAHXYQ,01JA5CV2AQECD0DQV64NWR1P3X,2024-10-14T12:33:12.516787633+01:00,,,true,2024-10-14T12:36:30.4199672+01:00,01JA5CV2B03DRBN4AA1PXE5DAS,2024-10-14T12:33:12.516787633+01:00,5,2024-10-14T12:33:12.516787633+01:00,VFTCollab,2024-10-14T12:33:12.516787633+01:00,,,2,2024-10-14T12:33:12.540490958+01:00,true,2024-10-14T12:36:05.85779392+01:00,1728905765862,2024-10-14T12:36:05.863012304+01:00,,,,
01JA5CVFP4KA64GVD2FQG0CQTA,01JA5CV2AQECD0DQV64NWR1P3X,2024-10-14T12:33:12.51607742+01:00,,,true,2024-10-14T12:33:31.025675285+01:00,01JA5CV2B03DRBN4AA1PXE5DAS,2024-10-14T12:33:12.51607742+01:00,0,2024-10-14T12:33:12.51607742+01:00,testRound,2024-10-14T12:33:12.51607742+01:00,,,1,2024-10-14T12:33:12.522377357+01:00,true,2024-10-14T12:33:12.559904294+01:00,1728905592625,2024-10-14T12:33:12.626029628+01:00,,,,
