id,age,ageLastChangedAt,apiTrigger,apiTriggerLastChangedAt,education,educationLastChangedAt,ended,endedLastChangedAt,gameID,gameIDLastChangedAt,intro,introLastChangedAt,introDone,introDoneLastChangedAt,isNativeEnglish,isNativeEnglishLastChangedAt,participantID,participantIDLastChangedAt,participantIdentifier,participantIdentifierLastChangedAt,requestTimestamp,requestTimestampLastChangedAt,role,roleLastChangedAt,score,scoreLastChangedAt,serverTimestamp,serverTimestampLastChangedAt,taskCategories,taskCategoriesLastChangedAt,taskIndices,taskIndicesLastChangedAt,taskType,taskTypeLastChangedAt,treatment,treatmentLastChangedAt,treatmentName,treatmentNameLastChangedAt,typingSpeedCPM,typingSpeedCPMLastChangedAt,typingSpeedTime,typingSpeedTimeLastChangedAt,typingSpeedWPM,typingSpeedWPMLastChangedAt,urlParams,urlParamsLastChangedAt
01JAXKV38K8QCM67A1MZ4NE6GV,23,2024-10-23T22:17:10.30394388+01:00,false,2024-10-23T22:17:40.81401028+01:00,bachelor,2024-10-23T22:17:10.304821891+01:00,game ended,2024-10-23T22:23:41.532484823+01:00,01JAXKTY3WCCZ4NHA594H2BQZF,2024-10-23T22:17:06.199761803+01:00,3,2024-10-23T22:17:12.649445419+01:00,true,2024-10-23T22:17:13.39612867+01:00,true,2024-10-23T22:17:10.304240231+01:00,01JAXKV389ZEH6SEPNA10AW04G,2024-10-23T22:17:06.195823104+01:00,user1,2024-10-23T22:17:06.195823104+01:00,false,2024-10-23T22:18:58.213463138+01:00,helper,2024-10-23T22:18:07.312388262+01:00,7,2024-10-23T22:23:41.524027873+01:00,1729719106481,2024-10-23T22:31:46.494139151+01:00,"[""animals"",""supermarket items"",""clothing items""]",2024-10-23T22:23:41.528532311+01:00,"[""VerbalFluencyTask"",""HHCollabSwitched"",""HHCollabSwitched""]",2024-10-23T22:23:41.528532311+01:00,selfinitiated,2024-10-23T22:23:41.528532311+01:00,"{""categoryOrder"":""ASC"",""cueType"":""divergent"",""playerCount"":2,""selfOrder"":""LLM_HH_HH"",""taskType"":""selfinitiated""}",2024-10-23T22:17:06.199761803+01:00,selfinitiated_divergent_LLM_HH_HH_ASC,2024-10-23T22:17:06.199761803+01:00,172,2024-10-23T22:17:12.192858985+01:00,15,2024-10-23T22:17:12.193382299+01:00,36,2024-10-23T22:17:12.192740694+01:00,{},2024-10-23T22:17:06.202653891+01:00
01JAXKVDREP320PEC36NDDC4NY,32,2024-10-23T22:17:24.11535678+01:00,false,2024-10-23T22:17:33.643208736+01:00,phd,2024-10-23T22:17:24.115652609+01:00,game ended,2024-10-23T22:23:41.532484823+01:00,01JAXKTY3WCCZ4NHA594H2BQZF,2024-10-23T22:17:16.945973201+01:00,3,2024-10-23T22:17:26.768814702+01:00,true,2024-10-23T22:17:27.635482148+01:00,true,2024-10-23T22:17:24.115532975+01:00,01JAXKVDR6XV5ERGPAR5735Z2P,2024-10-23T22:17:16.94269156+01:00,user2,2024-10-23T22:17:16.94269156+01:00,false,2024-10-23T22:18:56.149822856+01:00,main,2024-10-23T22:18:07.312388262+01:00,7,2024-10-23T22:23:41.524027873+01:00,1729719106482,2024-10-23T22:31:46.494288411+01:00,"[""animals"",""supermarket items"",""clothing items""]",2024-10-23T22:23:41.528532311+01:00,"[""VerbalFluencyTask"",""HHCollabSwitched"",""HHCollabSwitched""]",2024-10-23T22:23:41.528532311+01:00,selfinitiated,2024-10-23T22:23:41.528532311+01:00,"{""categoryOrder"":""ASC"",""cueType"":""divergent"",""playerCount"":2,""selfOrder"":""LLM_HH_HH"",""taskType"":""selfinitiated""}",2024-10-23T22:17:16.945973201+01:00,selfinitiated_divergent_LLM_HH_HH_ASC,2024-10-23T22:17:16.945973201+01:00,172,2024-10-23T22:17:24.999707868+01:00,15,2024-10-23T22:17:24.999895858+01:00,36,2024-10-23T22:17:24.999581006+01:00,"{""participantKey"":""1729718234120""}",2024-10-23T22:17:16.948576421+01:00
01JAXM8NSTD0ZW2KJ6PSE7N96Z,23,2024-10-23T22:24:35.334144072+01:00,false,2024-10-23T22:25:02.888736311+01:00,master,2024-10-23T22:24:35.334683918+01:00,null,2024-10-23T22:24:31.165672514+01:00,01JAXM8914ZDW1VGRTC1ZN4M8F,2024-10-23T22:24:31.165672514+01:00,3,2024-10-23T22:24:40.030501581+01:00,true,2024-10-23T22:24:40.677750429+01:00,true,2024-10-23T22:24:35.334288471+01:00,01JAXM8NSFYYARX3TJ4M80V4S4,2024-10-23T22:24:31.162427091+01:00,user4,2024-10-23T22:24:31.162427091+01:00,false,2024-10-23T22:28:09.406325071+01:00,helper,2024-10-23T22:25:28.975235097+01:00,5,2024-10-23T22:27:58.666044903+01:00,1729719106481,2024-10-23T22:31:46.483188904+01:00,,,,,,,"{""categoryOrder"":""ASC"",""cueType"":""divergent"",""playerCount"":2,""selfOrder"":""LLM_HH_HH"",""taskType"":""selfinitiated""}",2024-10-23T22:24:31.165672514+01:00,selfinitiated_divergent_LLM_HH_HH_ASC,2024-10-23T22:24:31.165672514+01:00,172,2024-10-23T22:24:39.540435605+01:00,15,2024-10-23T22:24:39.54034741+01:00,36,2024-10-23T22:24:39.540195565+01:00,"{""participantKey"":""1729718665323""}",2024-10-23T22:24:31.168832205+01:00
01JAXM928JVEQSNQAN8E950K3Y,32,2024-10-23T22:24:47.302930779+01:00,false,2024-10-23T22:24:54.399475346+01:00,bachelor,2024-10-23T22:24:47.303410464+01:00,null,2024-10-23T22:24:43.925307968+01:00,01JAXM8914ZDW1VGRTC1ZN4M8F,2024-10-23T22:24:43.925307968+01:00,3,2024-10-23T22:24:48.572011252+01:00,true,2024-10-23T22:24:49.466408019+01:00,true,2024-10-23T22:24:47.303228778+01:00,01JAXM9286SM95TED1CSJX4ZZZ,2024-10-23T22:24:43.922016626+01:00,user5,2024-10-23T22:24:43.922016626+01:00,false,2024-10-23T22:28:22.906296666+01:00,main,2024-10-23T22:25:28.975235097+01:00,5,2024-10-23T22:27:58.666044903+01:00,1729719106479,2024-10-23T22:31:46.483350414+01:00,,,,,,,"{""categoryOrder"":""ASC"",""cueType"":""divergent"",""playerCount"":2,""selfOrder"":""LLM_HH_HH"",""taskType"":""selfinitiated""}",2024-10-23T22:24:43.925307968+01:00,selfinitiated_divergent_LLM_HH_HH_ASC,2024-10-23T22:24:43.925307968+01:00,172,2024-10-23T22:24:48.099058894+01:00,15,2024-10-23T22:24:48.099644698+01:00,36,2024-10-23T22:24:48.098918341+01:00,"{""participantKey"":""1729718680358""}",2024-10-23T22:24:43.928804727+01:00
