id,batchID,batchIDLastChangedAt,gameID,gameIDLastChangedAt,playerID,playerIDLastChangedAt
01JAXKVR6SZ151EV34PCMFTPYJ,01JAXKTY3MN0KFAE2Z6NT8YPKK,2024-10-23T22:17:27.641891533+01:00,01JAXKTY3WCCZ4NHA594H2BQZF,2024-10-23T22:17:27.641891533+01:00,01JAXKV38K8QCM67A1MZ4NE6GV,2024-10-23T22:17:27.641891533+01:00
01JAXKVR6SZ151EV34PPVE0KPE,01JAXKTY3MN0KFAE2Z6NT8YPKK,2024-10-23T22:17:27.641934091+01:00,01JAXKTY3WCCZ4NHA594H2BQZF,2024-10-23T22:17:27.641934091+01:00,01JAXKVDREP320PEC36NDDC4NY,2024-10-23T22:17:27.641934091+01:00
01JAXM97NZHM8S5YBKXJE4BRC9,01JAXM890X3YSDEJ7G98DY95M2,2024-10-23T22:24:49.47132774+01:00,01JAXM8914ZDW1VGRTC1ZN4M8F,2024-10-23T22:24:49.47132774+01:00,01JAXM8NSTD0ZW2KJ6PSE7N96Z,2024-10-23T22:24:49.47132774+01:00
01JAXM97NZHM8S5YBKXSDDFFJA,01JAXM890X3YSDEJ7G98DY95M2,2024-10-23T22:24:49.471382598+01:00,01JAXM8914ZDW1VGRTC1ZN4M8F,2024-10-23T22:24:49.471382598+01:00,01JAXM928JVEQSNQAN8E950K3Y,2024-10-23T22:24:49.471382598+01:00
