id,batchID,batchIDLastChangedAt,category,categoryLastChangedAt,cueType,cueTypeLastChangedAt,gameID,gameIDLastChangedAt,lastWord,lastWordLastChangedAt,playerID,playerIDLastChangedAt,requestTimestamps,requestTimestampsLastChangedAt,role,roleLastChangedAt,roundID,roundIDLastChangedAt,roundName,roundNameLastChangedAt,score,scoreLastChangedAt,switches,switchesLastChangedAt,taskType,taskTypeLastChangedAt,words,wordsLastChangedAt
01JAXMAE841SDQSJYQ1ECZX3E6,01JAXM890X3YSDEJ7G98DY95M2,2024-10-23T22:25:28.964663684+01:00,supermarket items,2024-10-23T22:25:28.96723422+01:00,divergent,2024-10-23T22:25:28.96723422+01:00,01JAXM8914ZDW1VGRTC1ZN4M8F,2024-10-23T22:25:28.964663684+01:00,,,01JAXM8NSTD0ZW2KJ6PSE7N96Z,2024-10-23T22:25:28.964663684+01:00,,,main,2024-10-23T22:25:28.96723422+01:00,01JAXM97P3CY375HCVQJTNVA2J,2024-10-23T22:25:28.964663684+01:00,,,3,2024-10-23T22:25:48.074642039+01:00,"[{""index"":0,""word"":""shampoo"",""switch"":1},{""index"":1,""word"":""soap"",""switch"":0},{""index"":2,""word"":""dishwasher"",""switch"":1},{""index"":3,""word"":""lettuce"",""switch"":0}]",2024-10-23T22:26:12.594417421+01:00,selfinitiated,2024-10-23T22:25:28.96723422+01:00,"[{""text"":""shampoo"",""source"":""main"",""timestamp"":6631},{""text"":""soap"",""source"":""helper"",""timestamp"":12863,""helperLatency"":2213},{""text"":""dishwasher"",""source"":""main"",""timestamp"":16057},{""text"":""lettuce"",""source"":""main"",""timestamp"":19055}]",2024-10-23T22:26:01.91557768+01:00
01JAXMAE841SDQSJYQ1RE14Y5C,01JAXM890X3YSDEJ7G98DY95M2,2024-10-23T22:25:28.964779496+01:00,supermarket items,2024-10-23T22:25:28.96723422+01:00,divergent,2024-10-23T22:25:28.96723422+01:00,01JAXM8914ZDW1VGRTC1ZN4M8F,2024-10-23T22:25:28.964779496+01:00,,,01JAXM928JVEQSNQAN8E950K3Y,2024-10-23T22:25:28.964779496+01:00,,,main,2024-10-23T22:25:28.96723422+01:00,01JAXM97P3CY375HCVQJTNVA2J,2024-10-23T22:25:28.964779496+01:00,,,3,2024-10-23T22:25:48.071393728+01:00,"[{""index"":0,""word"":""shampoo"",""switch"":1},{""index"":1,""word"":""soap"",""switch"":0},{""index"":2,""word"":""dishwasher"",""switch"":1},{""index"":3,""word"":""lettuce"",""switch"":1}]",2024-10-23T22:26:10.52205537+01:00,selfinitiated,2024-10-23T22:25:28.96723422+01:00,"[{""text"":""shampoo"",""source"":""main"",""timestamp"":6631},{""text"":""soap"",""source"":""helper"",""timestamp"":12863,""helperLatency"":2213},{""text"":""dishwasher"",""source"":""main"",""timestamp"":16057},{""text"":""lettuce"",""source"":""main"",""timestamp"":19055}]",2024-10-23T22:26:01.91557768+01:00
01JAXKVR9KYVXSDH02367ZMW05,01JAXKTY3MN0KFAE2Z6NT8YPKK,2024-10-23T22:17:27.731843967+01:00,animals,2024-10-23T22:17:27.734418341+01:00,divergent,2024-10-23T22:17:27.734418341+01:00,01JAXKTY3WCCZ4NHA594H2BQZF,2024-10-23T22:17:27.731843967+01:00,rabbit,2024-10-23T22:17:31.472581598+01:00,01JAXKVDREP320PEC36NDDC4NY,2024-10-23T22:17:27.731843967+01:00,[4521],2024-10-23T22:17:32.313955057+01:00,,,01JAXKVR70Y68V5RB27ZK69X74,2024-10-23T22:17:27.731843967+01:00,SelfInitiatedLLM,2024-10-23T22:17:27.757306639+01:00,3,2024-10-23T22:17:31.473862399+01:00,"[{""index"":0,""word"":""cat"",""switch"":1},{""index"":1,""word"":""dog"",""switch"":1},{""index"":2,""word"":""rabbit"",""switch"":1},{""index"":3,""word"":""Elephant"",""switch"":0}]",2024-10-23T22:18:04.480889668+01:00,selfinitiated,2024-10-23T22:17:27.734418341+01:00,"[{""text"":""cat"",""source"":""user"",""timestamp"":1932},{""text"":""dog"",""source"":""user"",""timestamp"":2932},{""text"":""rabbit"",""source"":""user"",""timestamp"":3681},{""text"":""Elephant"",""source"":""ai"",""timestamp"":5903,""apiLatency"":1382}]",2024-10-23T22:17:33.693655163+01:00
01JAXKWYY4PD5EMPWV1B5WZBS9,01JAXKTY3MN0KFAE2Z6NT8YPKK,2024-10-23T22:18:07.301005111+01:00,supermarket items,2024-10-23T22:18:07.303660083+01:00,divergent,2024-10-23T22:18:07.303660083+01:00,01JAXKTY3WCCZ4NHA594H2BQZF,2024-10-23T22:18:07.301005111+01:00,,,01JAXKVDREP320PEC36NDDC4NY,2024-10-23T22:18:07.301005111+01:00,,,main,2024-10-23T22:18:07.303660083+01:00,01JAXKVR70Y68V5RB28F57JNEZ,2024-10-23T22:18:07.301005111+01:00,,,3,2024-10-23T22:18:21.700862449+01:00,"[{""index"":0,""word"":""supermarket item 1"",""switch"":1},{""index"":1,""word"":""supermarket 2"",""switch"":0},{""index"":2,""word"":""pingo doce"",""switch"":1},{""index"":3,""word"":""continente"",""switch"":0}]",2024-10-23T22:18:44.036738778+01:00,selfinitiated,2024-10-23T22:18:07.303660083+01:00,"[{""text"":""supermarket item 1"",""source"":""main"",""timestamp"":4840},{""text"":""supermarket 2"",""source"":""main"",""timestamp"":6718},{""text"":""pingo doce"",""source"":""helper"",""timestamp"":10808,""helperLatency"":3134},{""text"":""continente"",""source"":""main"",""timestamp"":14344}]",2024-10-23T22:18:39.984450104+01:00
01JAXKWYY5RCEFVR63K02H93WA,01JAXKTY3MN0KFAE2Z6NT8YPKK,2024-10-23T22:18:07.301102909+01:00,supermarket items,2024-10-23T22:18:07.303660083+01:00,divergent,2024-10-23T22:18:07.303660083+01:00,01JAXKTY3WCCZ4NHA594H2BQZF,2024-10-23T22:18:07.301102909+01:00,,,01JAXKV38K8QCM67A1MZ4NE6GV,2024-10-23T22:18:07.301102909+01:00,,,main,2024-10-23T22:18:07.303660083+01:00,01JAXKVR70Y68V5RB28F57JNEZ,2024-10-23T22:18:07.301102909+01:00,,,3,2024-10-23T22:18:21.705682888+01:00,"[{""index"":0,""word"":""supermarket item 1"",""switch"":1},{""index"":1,""word"":""supermarket 2"",""switch"":0},{""index"":2,""word"":""pingo doce"",""switch"":1},{""index"":3,""word"":""continente"",""switch"":0}]",2024-10-23T22:18:42.791132661+01:00,selfinitiated,2024-10-23T22:18:07.303660083+01:00,"[{""text"":""supermarket item 1"",""source"":""main"",""timestamp"":4840},{""text"":""supermarket 2"",""source"":""main"",""timestamp"":6718},{""text"":""pingo doce"",""source"":""helper"",""timestamp"":10808,""helperLatency"":3134},{""text"":""continente"",""source"":""main"",""timestamp"":14344}]",2024-10-23T22:18:39.984450104+01:00
01JAXKY5ER8KQHJQ7S9TZ0HK2K,01JAXKTY3MN0KFAE2Z6NT8YPKK,2024-10-23T22:18:46.744417437+01:00,clothing items,2024-10-23T22:18:46.747319759+01:00,divergent,2024-10-23T22:18:46.747319759+01:00,01JAXKTY3WCCZ4NHA594H2BQZF,2024-10-23T22:18:46.744417437+01:00,,,01JAXKV38K8QCM67A1MZ4NE6GV,2024-10-23T22:18:46.744417437+01:00,,,main,2024-10-23T22:18:46.747319759+01:00,01JAXKVR70Y68V5RB28YC6RYEQ,2024-10-23T22:18:46.744417437+01:00,,,1,2024-10-23T22:18:55.148752009+01:00,"[{""index"":0,""word"":""clothing 1"",""switch"":1},{""index"":1,""word"":""shoes"",""switch"":0}]",2024-10-23T22:23:36.205403099+01:00,selfinitiated,2024-10-23T22:18:46.747319759+01:00,"[{""text"":""clothing 1"",""source"":""main"",""timestamp"":8346},{""text"":""shoes"",""source"":""helper"",""timestamp"":11460,""helperLatency"":2062}]",2024-10-23T22:19:19.694265036+01:00
01JAXM97RM4WK4BDDK734E3WMC,01JAXM890X3YSDEJ7G98DY95M2,2024-10-23T22:24:49.556662526+01:00,animals,2024-10-23T22:24:49.559224859+01:00,divergent,2024-10-23T22:24:49.559224859+01:00,01JAXM8914ZDW1VGRTC1ZN4M8F,2024-10-23T22:24:49.556662526+01:00,dog,2024-10-23T22:24:51.81522556+01:00,01JAXM928JVEQSNQAN8E950K3Y,2024-10-23T22:24:49.556662526+01:00,[3240],2024-10-23T22:24:52.857686652+01:00,,,01JAXM97P3CY375HCVQ56BPFVK,2024-10-23T22:24:49.556662526+01:00,SelfInitiatedLLM,2024-10-23T22:24:49.581191948+01:00,2,2024-10-23T22:24:51.816182421+01:00,"[{""index"":0,""word"":""cat"",""switch"":1},{""index"":1,""word"":""dog"",""switch"":0},{""index"":2,""word"":""Tortoise"",""switch"":0}]",2024-10-23T22:25:26.438293863+01:00,selfinitiated,2024-10-23T22:24:49.559224859+01:00,"[{""text"":""cat"",""source"":""user"",""timestamp"":1748},{""text"":""dog"",""source"":""user"",""timestamp"":2195},{""text"":""Tortoise"",""source"":""ai"",""timestamp"":4834,""apiLatency"":1594}]",2024-10-23T22:24:57.384552481+01:00
01JAXKVR9KYVXSDH022YDEJQ6E,01JAXKTY3MN0KFAE2Z6NT8YPKK,2024-10-23T22:17:27.731751463+01:00,animals,2024-10-23T22:17:27.734418341+01:00,divergent,2024-10-23T22:17:27.734418341+01:00,01JAXKTY3WCCZ4NHA594H2BQZF,2024-10-23T22:17:27.731751463+01:00,tiger,2024-10-23T22:17:39.662153663+01:00,01JAXKV38K8QCM67A1MZ4NE6GV,2024-10-23T22:17:27.731751463+01:00,[12698],2024-10-23T22:17:40.489604629+01:00,,,01JAXKVR70Y68V5RB27ZK69X74,2024-10-23T22:17:27.731751463+01:00,SelfInitiatedLLM,2024-10-23T22:17:27.762223766+01:00,3,2024-10-23T22:17:39.663179615+01:00,"[{""index"":0,""word"":""elephant"",""switch"":1},{""index"":1,""word"":""lion"",""switch"":0},{""index"":2,""word"":""tiger"",""switch"":1},{""index"":3,""word"":""Kangaroo"",""switch"":0}]",2024-10-23T22:18:02.440627485+01:00,selfinitiated,2024-10-23T22:17:27.734418341+01:00,"[{""text"":""elephant"",""source"":""user"",""timestamp"":9764},{""text"":""lion"",""source"":""user"",""timestamp"":10933},{""text"":""tiger"",""source"":""user"",""timestamp"":11872},{""text"":""Kangaroo"",""source"":""ai"",""timestamp"":13074,""apiLatency"":376}]",2024-10-23T22:17:40.864276541+01:00
01JAXKY5ER8KQHJQ7SA39KXNS2,01JAXKTY3MN0KFAE2Z6NT8YPKK,2024-10-23T22:18:46.744548468+01:00,clothing items,2024-10-23T22:18:46.747319759+01:00,divergent,2024-10-23T22:18:46.747319759+01:00,01JAXKTY3WCCZ4NHA594H2BQZF,2024-10-23T22:18:46.744548468+01:00,,,01JAXKVDREP320PEC36NDDC4NY,2024-10-23T22:18:46.744548468+01:00,,,main,2024-10-23T22:18:46.747319759+01:00,01JAXKVR70Y68V5RB28YC6RYEQ,2024-10-23T22:18:46.744548468+01:00,,,1,2024-10-23T22:18:55.144396173+01:00,"[{""index"":0,""word"":""clothing 1"",""switch"":1},{""index"":1,""word"":""shoes"",""switch"":0}]",2024-10-23T22:23:37.540199168+01:00,selfinitiated,2024-10-23T22:18:46.747319759+01:00,"[{""text"":""clothing 1"",""source"":""main"",""timestamp"":8346},{""text"":""shoes"",""source"":""helper"",""timestamp"":11460,""helperLatency"":2062}]",2024-10-23T22:19:19.694265036+01:00
01JAXM97RM4WK4BDDK6TA2VSRV,01JAXM890X3YSDEJ7G98DY95M2,2024-10-23T22:24:49.556548998+01:00,animals,2024-10-23T22:24:49.559224859+01:00,divergent,2024-10-23T22:24:49.559224859+01:00,01JAXM8914ZDW1VGRTC1ZN4M8F,2024-10-23T22:24:49.556548998+01:00,dog,2024-10-23T22:25:01.710705976+01:00,01JAXM8NSTD0ZW2KJ6PSE7N96Z,2024-10-23T22:24:49.556548998+01:00,[12915],2024-10-23T22:25:02.530048319+01:00,,,01JAXM97P3CY375HCVQ56BPFVK,2024-10-23T22:24:49.556548998+01:00,SelfInitiatedLLM,2024-10-23T22:24:49.585982707+01:00,2,2024-10-23T22:25:01.7108788+01:00,"[{""index"":0,""word"":""cat"",""switch"":1},{""index"":1,""word"":""dog"",""switch"":1},{""index"":2,""word"":""Elephant"",""switch"":0}]",2024-10-23T22:25:24.982780724+01:00,selfinitiated,2024-10-23T22:24:49.559224859+01:00,"[{""text"":""cat"",""source"":""user"",""timestamp"":11742},{""text"":""dog"",""source"":""user"",""timestamp"":12095},{""text"":""Elephant"",""source"":""ai"",""timestamp"":13323,""apiLatency"":408}]",2024-10-23T22:25:02.939391869+01:00
01JAXMF0EFTBCXHW2C77A8KGMP,01JAXM890X3YSDEJ7G98DY95M2,2024-10-23T22:27:58.6712163+01:00,clothing items,2024-10-23T22:27:58.673574039+01:00,divergent,2024-10-23T22:27:58.673574039+01:00,01JAXM8914ZDW1VGRTC1ZN4M8F,2024-10-23T22:27:58.6712163+01:00,,,01JAXM8NSTD0ZW2KJ6PSE7N96Z,2024-10-23T22:27:58.6712163+01:00,,,main,2024-10-23T22:27:58.673574039+01:00,01JAXM97P40H9RFVPJXSRZ6K1R,2024-10-23T22:27:58.6712163+01:00,,,6,2024-10-23T22:28:22.959671541+01:00,,,selfinitiated,2024-10-23T22:27:58.673574039+01:00,"[{""text"":""shoes"",""source"":""main"",""timestamp"":5648},{""text"":""boots"",""source"":""main"",""timestamp"":6751},{""text"":""socks"",""source"":""main"",""timestamp"":7550},{""text"":""hat"",""source"":""helper"",""timestamp"":10725,""helperLatency"":2320},{""text"":""cap"",""source"":""main"",""timestamp"":13351},{""text"":""trousers"",""source"":""main"",""timestamp"":21242},{""text"":""jeans"",""source"":""main"",""timestamp"":24226}]",2024-10-23T22:28:31.616384119+01:00
01JAXMF0EFTBCXHW2C7EDEZ323,01JAXM890X3YSDEJ7G98DY95M2,2024-10-23T22:27:58.671311788+01:00,clothing items,2024-10-23T22:27:58.673574039+01:00,divergent,2024-10-23T22:27:58.673574039+01:00,01JAXM8914ZDW1VGRTC1ZN4M8F,2024-10-23T22:27:58.671311788+01:00,,,01JAXM928JVEQSNQAN8E950K3Y,2024-10-23T22:27:58.671311788+01:00,,,main,2024-10-23T22:27:58.673574039+01:00,01JAXM97P40H9RFVPJXSRZ6K1R,2024-10-23T22:27:58.671311788+01:00,,,6,2024-10-23T22:28:22.954981698+01:00,,,selfinitiated,2024-10-23T22:27:58.673574039+01:00,"[{""text"":""shoes"",""source"":""main"",""timestamp"":5648},{""text"":""boots"",""source"":""main"",""timestamp"":6751},{""text"":""socks"",""source"":""main"",""timestamp"":7550},{""text"":""hat"",""source"":""helper"",""timestamp"":10725,""helperLatency"":2320},{""text"":""cap"",""source"":""main"",""timestamp"":13351},{""text"":""trousers"",""source"":""main"",""timestamp"":21242},{""text"":""jeans"",""source"":""main"",""timestamp"":24226}]",2024-10-23T22:28:31.616384119+01:00
