id,apiResponse,apiResponseLastChangedAt,batchID,batchIDLastChangedAt,gameID,gameIDLastChangedAt,playerID,playerIDLastChangedAt,roundID,roundIDLastChangedAt,stageID,stageIDLastChangedAt,submit,submitLastChangedAt
01JAXKWR59VJTBABKT3PP23CSX,,,01JAXKTY3MN0KFAE2Z6NT8YPKK,2024-10-23T22:18:00.361754021+01:00,01JAXKTY3WCCZ4NHA594H2BQZF,2024-10-23T22:18:00.361754021+01:00,01JAXKV38K8QCM67A1MZ4NE6GV,2024-10-23T22:18:00.361754021+01:00,01JAXKVR70Y68V5RB27ZK69X74,2024-10-23T22:18:00.361754021+01:00,01JAXKVR769A3RPWD3TBXA5H44,2024-10-23T22:18:00.361754021+01:00,true,2024-10-23T22:18:02.440821541+01:00
01JAXKWYYD8Y0BZW5TBVFHDB48,,,01JAXKTY3MN0KFAE2Z6NT8YPKK,2024-10-23T22:18:07.309946067+01:00,01JAXKTY3WCCZ4NHA594H2BQZF,2024-10-23T22:18:07.309946067+01:00,01JAXKVDREP320PEC36NDDC4NY,2024-10-23T22:18:07.309946067+01:00,01JAXKVR70Y68V5RB28F57JNEZ,2024-10-23T22:18:07.309946067+01:00,01JAXKVR7B4J6DJ5QX3APTNVBR,2024-10-23T22:18:07.309946067+01:00,,
01JAXM97S2XC3PWA4R14Y6GXWZ,null,2024-10-23T22:24:57.384651641+01:00,01JAXM890X3YSDEJ7G98DY95M2,2024-10-23T22:24:49.570483457+01:00,01JAXM8914ZDW1VGRTC1ZN4M8F,2024-10-23T22:24:49.570483457+01:00,01JAXM928JVEQSNQAN8E950K3Y,2024-10-23T22:24:49.570483457+01:00,01JAXM97P3CY375HCVQ56BPFVK,2024-10-23T22:24:49.570483457+01:00,01JAXM97P98KNETCZKE31GQBHF,2024-10-23T22:24:49.570483457+01:00,,
01JAXMSYY1X5CHPG3ZHGRK5N14,,,01JAXM890X3YSDEJ7G98DY95M2,2024-10-23T22:33:57.569909255+01:00,01JAXM8914ZDW1VGRTC1ZN4M8F,2024-10-23T22:33:57.569909255+01:00,01JAXM8NSTD0ZW2KJ6PSE7N96Z,2024-10-23T22:33:57.569909255+01:00,01JAXM97P40H9RFVPJXSRZ6K1R,2024-10-23T22:33:57.569909255+01:00,01JAXM97PPG9G9VNBW9EV9NGS2,2024-10-23T22:33:57.569909255+01:00,,
01JAXKWW6B34MHDBZPTHA2BERE,,,01JAXKTY3MN0KFAE2Z6NT8YPKK,2024-10-23T22:18:04.491367163+01:00,01JAXKTY3WCCZ4NHA594H2BQZF,2024-10-23T22:18:04.491367163+01:00,01JAXKVDREP320PEC36NDDC4NY,2024-10-23T22:18:04.491367163+01:00,01JAXKVR70Y68V5RB27ZK69X74,2024-10-23T22:18:04.491367163+01:00,01JAXKVR769A3RPWD3TZ49SMS5,2024-10-23T22:18:04.491367163+01:00,true,2024-10-23T22:18:05.814502349+01:00
01JAXMAE8D85Z0E4M2BPY29A4M,,,01JAXM890X3YSDEJ7G98DY95M2,2024-10-23T22:25:28.973032774+01:00,01JAXM8914ZDW1VGRTC1ZN4M8F,2024-10-23T22:25:28.973032774+01:00,01JAXM8NSTD0ZW2KJ6PSE7N96Z,2024-10-23T22:25:28.973032774+01:00,01JAXM97P3CY375HCVQJTNVA2J,2024-10-23T22:25:28.973032774+01:00,01JAXM97PEPX7EDFRHQGEBA4RV,2024-10-23T22:25:28.973032774+01:00,,
01JAXMAE8D85Z0E4M2BWMVRZFG,,,01JAXM890X3YSDEJ7G98DY95M2,2024-10-23T22:25:28.973180003+01:00,01JAXM8914ZDW1VGRTC1ZN4M8F,2024-10-23T22:25:28.973180003+01:00,01JAXM928JVEQSNQAN8E950K3Y,2024-10-23T22:25:28.973180003+01:00,01JAXM97P3CY375HCVQJTNVA2J,2024-10-23T22:25:28.973180003+01:00,01JAXM97PEPX7EDFRHQGEBA4RV,2024-10-23T22:25:28.973180003+01:00,,
01JAXMG0M5SK010BPW6JWY0PY6,,,01JAXM890X3YSDEJ7G98DY95M2,2024-10-23T22:28:31.621377099+01:00,01JAXM8914ZDW1VGRTC1ZN4M8F,2024-10-23T22:28:31.621377099+01:00,01JAXM928JVEQSNQAN8E950K3Y,2024-10-23T22:28:31.621377099+01:00,01JAXM97P40H9RFVPJXSRZ6K1R,2024-10-23T22:28:31.621377099+01:00,01JAXM97PPG9G9VNBW8Q8CKTPP,2024-10-23T22:28:31.621377099+01:00,,
01JAXKWW6B34MHDBZPT5E58N2G,,,01JAXKTY3MN0KFAE2Z6NT8YPKK,2024-10-23T22:18:04.491245028+01:00,01JAXKTY3WCCZ4NHA594H2BQZF,2024-10-23T22:18:04.491245028+01:00,01JAXKV38K8QCM67A1MZ4NE6GV,2024-10-23T22:18:04.491245028+01:00,01JAXKVR70Y68V5RB27ZK69X74,2024-10-23T22:18:04.491245028+01:00,01JAXKVR769A3RPWD3TZ49SMS5,2024-10-23T22:18:04.491245028+01:00,true,2024-10-23T22:18:07.28796696+01:00
01JAXKY2TERR3SJ0YCKC3H4YXB,,,01JAXKTY3MN0KFAE2Z6NT8YPKK,2024-10-23T22:18:44.046472185+01:00,01JAXKTY3WCCZ4NHA594H2BQZF,2024-10-23T22:18:44.046472185+01:00,01JAXKV38K8QCM67A1MZ4NE6GV,2024-10-23T22:18:44.046472185+01:00,01JAXKVR70Y68V5RB28F57JNEZ,2024-10-23T22:18:44.046472185+01:00,01JAXKVR7B4J6DJ5QX4K6XMENF,2024-10-23T22:18:44.046472185+01:00,true,2024-10-23T22:18:46.730330991+01:00
01JAXM71EEA04AMD0CP5XG1MZ8,,,01JAXKTY3MN0KFAE2Z6NT8YPKK,2024-10-23T22:23:37.550441535+01:00,01JAXKTY3WCCZ4NHA594H2BQZF,2024-10-23T22:23:37.550441535+01:00,01JAXKV38K8QCM67A1MZ4NE6GV,2024-10-23T22:23:37.550441535+01:00,01JAXKVR70Y68V5RB28YC6RYEQ,2024-10-23T22:23:37.550441535+01:00,01JAXKVR7HMGQ7WBAJS852MTWN,2024-10-23T22:23:37.550441535+01:00,true,2024-10-23T22:23:39.640718263+01:00
01JAXMA7YR3FEGQ7AS7SQTBCGH,,,01JAXM890X3YSDEJ7G98DY95M2,2024-10-23T22:25:22.520387078+01:00,01JAXM8914ZDW1VGRTC1ZN4M8F,2024-10-23T22:25:22.520387078+01:00,01JAXM8NSTD0ZW2KJ6PSE7N96Z,2024-10-23T22:25:22.520387078+01:00,01JAXM97P3CY375HCVQ56BPFVK,2024-10-23T22:25:22.520387078+01:00,01JAXM97P98KNETCZKEM7XXVTF,2024-10-23T22:25:22.520387078+01:00,true,2024-10-23T22:25:24.983300878+01:00
01JAXMABSE3GPSW3Z5QTQ4XCP1,,,01JAXM890X3YSDEJ7G98DY95M2,2024-10-23T22:25:26.446824173+01:00,01JAXM8914ZDW1VGRTC1ZN4M8F,2024-10-23T22:25:26.446824173+01:00,01JAXM8NSTD0ZW2KJ6PSE7N96Z,2024-10-23T22:25:26.446824173+01:00,01JAXM97P3CY375HCVQ56BPFVK,2024-10-23T22:25:26.446824173+01:00,01JAXM97P98KNETCZKFF1CS3HX,2024-10-23T22:25:26.446824173+01:00,true,2024-10-23T22:25:28.951104435+01:00
01JAXMF0ERK3F629E0W5Z4WDTP,,,01JAXM890X3YSDEJ7G98DY95M2,2024-10-23T22:27:58.680690238+01:00,01JAXM8914ZDW1VGRTC1ZN4M8F,2024-10-23T22:27:58.680690238+01:00,01JAXM8NSTD0ZW2KJ6PSE7N96Z,2024-10-23T22:27:58.680690238+01:00,01JAXM97P40H9RFVPJXSRZ6K1R,2024-10-23T22:27:58.680690238+01:00,01JAXM97PPG9G9VNBW8AQQ7WQ5,2024-10-23T22:27:58.680690238+01:00,,
01JAXM71EEA04AMD0CPK9JVGJ7,,,01JAXKTY3MN0KFAE2Z6NT8YPKK,2024-10-23T22:23:37.550535782+01:00,01JAXKTY3WCCZ4NHA594H2BQZF,2024-10-23T22:23:37.550535782+01:00,01JAXKVDREP320PEC36NDDC4NY,2024-10-23T22:23:37.550535782+01:00,01JAXKVR70Y68V5RB28YC6RYEQ,2024-10-23T22:23:37.550535782+01:00,01JAXKVR7HMGQ7WBAJS852MTWN,2024-10-23T22:23:37.550535782+01:00,true,2024-10-23T22:23:41.515885054+01:00
01JAXKVRA1EZMVHN98DXGNBWJ0,null,2024-10-23T22:17:40.864516506+01:00,01JAXKTY3MN0KFAE2Z6NT8YPKK,2024-10-23T22:17:27.745182673+01:00,01JAXKTY3WCCZ4NHA594H2BQZF,2024-10-23T22:17:27.745182673+01:00,01JAXKV38K8QCM67A1MZ4NE6GV,2024-10-23T22:17:27.745182673+01:00,01JAXKVR70Y68V5RB27ZK69X74,2024-10-23T22:17:27.745182673+01:00,01JAXKVR769A3RPWD3SSF8CBC9,2024-10-23T22:17:27.745182673+01:00,,
01JAXKVRA1EZMVHN98EC6T94HB,null,2024-10-23T22:17:33.695174775+01:00,01JAXKTY3MN0KFAE2Z6NT8YPKK,2024-10-23T22:17:27.74531808+01:00,01JAXKTY3WCCZ4NHA594H2BQZF,2024-10-23T22:17:27.74531808+01:00,01JAXKVDREP320PEC36NDDC4NY,2024-10-23T22:17:27.74531808+01:00,01JAXKVR70Y68V5RB27ZK69X74,2024-10-23T22:17:27.74531808+01:00,01JAXKVR769A3RPWD3SSF8CBC9,2024-10-23T22:17:27.74531808+01:00,,
01JAXKY2TERR3SJ0YCKTXY8TE4,,,01JAXKTY3MN0KFAE2Z6NT8YPKK,2024-10-23T22:18:44.046545395+01:00,01JAXKTY3WCCZ4NHA594H2BQZF,2024-10-23T22:18:44.046545395+01:00,01JAXKVDREP320PEC36NDDC4NY,2024-10-23T22:18:44.046545395+01:00,01JAXKVR70Y68V5RB28F57JNEZ,2024-10-23T22:18:44.046545395+01:00,01JAXKVR7B4J6DJ5QX4K6XMENF,2024-10-23T22:18:44.046545395+01:00,true,2024-10-23T22:18:45.315586999+01:00
01JAXKY5F0Y6705ZQ1725N1W2M,,,01JAXKTY3MN0KFAE2Z6NT8YPKK,2024-10-23T22:18:46.752875457+01:00,01JAXKTY3WCCZ4NHA594H2BQZF,2024-10-23T22:18:46.752875457+01:00,01JAXKVDREP320PEC36NDDC4NY,2024-10-23T22:18:46.752875457+01:00,01JAXKVR70Y68V5RB28YC6RYEQ,2024-10-23T22:18:46.752875457+01:00,01JAXKVR7GZJQ19EGSQE8358FM,2024-10-23T22:18:46.752875457+01:00,,
01JAXKZ5MK99XJDVKJMZJMEYTC,,,01JAXKTY3MN0KFAE2Z6NT8YPKK,2024-10-23T22:19:19.699340015+01:00,01JAXKTY3WCCZ4NHA594H2BQZF,2024-10-23T22:19:19.699340015+01:00,01JAXKV38K8QCM67A1MZ4NE6GV,2024-10-23T22:19:19.699340015+01:00,01JAXKVR70Y68V5RB28YC6RYEQ,2024-10-23T22:19:19.699340015+01:00,01JAXKVR7HMGQ7WBAJRH9MB5BE,2024-10-23T22:19:19.699340015+01:00,true,2024-10-23T22:23:36.205546401+01:00
01JAXKZ5MK99XJDVKJN8SDZ1K6,,,01JAXKTY3MN0KFAE2Z6NT8YPKK,2024-10-23T22:19:19.699434299+01:00,01JAXKTY3WCCZ4NHA594H2BQZF,2024-10-23T22:19:19.699434299+01:00,01JAXKVDREP320PEC36NDDC4NY,2024-10-23T22:19:19.699434299+01:00,01JAXKVR70Y68V5RB28YC6RYEQ,2024-10-23T22:19:19.699434299+01:00,01JAXKVR7HMGQ7WBAJRH9MB5BE,2024-10-23T22:19:19.699434299+01:00,true,2024-10-23T22:23:37.540310895+01:00
01JAXKWR59VJTBABKT42WH0R1N,,,01JAXKTY3MN0KFAE2Z6NT8YPKK,2024-10-23T22:18:00.361864573+01:00,01JAXKTY3WCCZ4NHA594H2BQZF,2024-10-23T22:18:00.361864573+01:00,01JAXKVDREP320PEC36NDDC4NY,2024-10-23T22:18:00.361864573+01:00,01JAXKVR70Y68V5RB27ZK69X74,2024-10-23T22:18:00.361864573+01:00,01JAXKVR769A3RPWD3TBXA5H44,2024-10-23T22:18:00.361864573+01:00,true,2024-10-23T22:18:04.481099342+01:00
01JAXKY5F0Y6705ZQ16NT71RD5,,,01JAXKTY3MN0KFAE2Z6NT8YPKK,2024-10-23T22:18:46.752796936+01:00,01JAXKTY3WCCZ4NHA594H2BQZF,2024-10-23T22:18:46.752796936+01:00,01JAXKV38K8QCM67A1MZ4NE6GV,2024-10-23T22:18:46.752796936+01:00,01JAXKVR70Y68V5RB28YC6RYEQ,2024-10-23T22:18:46.752796936+01:00,01JAXKVR7GZJQ19EGSQE8358FM,2024-10-23T22:18:46.752796936+01:00,,
01JAXMBEE0Y9VE7APXYZDVMRJB,,,01JAXM890X3YSDEJ7G98DY95M2,2024-10-23T22:26:01.920985831+01:00,01JAXM8914ZDW1VGRTC1ZN4M8F,2024-10-23T22:26:01.920985831+01:00,01JAXM928JVEQSNQAN8E950K3Y,2024-10-23T22:26:01.920985831+01:00,01JAXM97P3CY375HCVQJTNVA2J,2024-10-23T22:26:01.920985831+01:00,01JAXM97PEPX7EDFRHR4M650QW,2024-10-23T22:26:01.920985831+01:00,true,2024-10-23T22:26:10.522168495+01:00
01JAXMBRVXHS0ZE3C8EN2X5NEG,,,01JAXM890X3YSDEJ7G98DY95M2,2024-10-23T22:26:12.605499907+01:00,01JAXM8914ZDW1VGRTC1ZN4M8F,2024-10-23T22:26:12.605499907+01:00,01JAXM8NSTD0ZW2KJ6PSE7N96Z,2024-10-23T22:26:12.605499907+01:00,01JAXM97P3CY375HCVQJTNVA2J,2024-10-23T22:26:12.605499907+01:00,01JAXM97PEPX7EDFRHRKRE6YT3,2024-10-23T22:26:12.605499907+01:00,true,2024-10-23T22:27:56.743167831+01:00
01JAXMBRVXHS0ZE3C8F2G4J999,,,01JAXM890X3YSDEJ7G98DY95M2,2024-10-23T22:26:12.605616694+01:00,01JAXM8914ZDW1VGRTC1ZN4M8F,2024-10-23T22:26:12.605616694+01:00,01JAXM928JVEQSNQAN8E950K3Y,2024-10-23T22:26:12.605616694+01:00,01JAXM97P3CY375HCVQJTNVA2J,2024-10-23T22:26:12.605616694+01:00,01JAXM97PEPX7EDFRHRKRE6YT3,2024-10-23T22:26:12.605616694+01:00,true,2024-10-23T22:27:58.65677303+01:00
01JAXMF0ERK3F629E0WN128MF1,,,01JAXM890X3YSDEJ7G98DY95M2,2024-10-23T22:27:58.680811232+01:00,01JAXM8914ZDW1VGRTC1ZN4M8F,2024-10-23T22:27:58.680811232+01:00,01JAXM928JVEQSNQAN8E950K3Y,2024-10-23T22:27:58.680811232+01:00,01JAXM97P40H9RFVPJXSRZ6K1R,2024-10-23T22:27:58.680811232+01:00,01JAXM97PPG9G9VNBW8AQQ7WQ5,2024-10-23T22:27:58.680811232+01:00,,
01JAXKWYYD8Y0BZW5TBCX6K17C,,,01JAXKTY3MN0KFAE2Z6NT8YPKK,2024-10-23T22:18:07.309831783+01:00,01JAXKTY3WCCZ4NHA594H2BQZF,2024-10-23T22:18:07.309831783+01:00,01JAXKV38K8QCM67A1MZ4NE6GV,2024-10-23T22:18:07.309831783+01:00,01JAXKVR70Y68V5RB28F57JNEZ,2024-10-23T22:18:07.309831783+01:00,01JAXKVR7B4J6DJ5QX3APTNVBR,2024-10-23T22:18:07.309831783+01:00,,
01JAXMA7YR3FEGQ7AS85WQFBBS,,,01JAXM890X3YSDEJ7G98DY95M2,2024-10-23T22:25:22.520479816+01:00,01JAXM8914ZDW1VGRTC1ZN4M8F,2024-10-23T22:25:22.520479816+01:00,01JAXM928JVEQSNQAN8E950K3Y,2024-10-23T22:25:22.520479816+01:00,01JAXM97P3CY375HCVQ56BPFVK,2024-10-23T22:25:22.520479816+01:00,01JAXM97P98KNETCZKEM7XXVTF,2024-10-23T22:25:22.520479816+01:00,true,2024-10-23T22:25:26.438473486+01:00
01JAXMBEE0Y9VE7APXYEKQ3JMA,,,01JAXM890X3YSDEJ7G98DY95M2,2024-10-23T22:26:01.920805285+01:00,01JAXM8914ZDW1VGRTC1ZN4M8F,2024-10-23T22:26:01.920805285+01:00,01JAXM8NSTD0ZW2KJ6PSE7N96Z,2024-10-23T22:26:01.920805285+01:00,01JAXM97P3CY375HCVQJTNVA2J,2024-10-23T22:26:01.920805285+01:00,01JAXM97PEPX7EDFRHR4M650QW,2024-10-23T22:26:01.920805285+01:00,true,2024-10-23T22:26:12.594656327+01:00
01JAXMG0M5SK010BPW67H28SXF,,,01JAXM890X3YSDEJ7G98DY95M2,2024-10-23T22:28:31.621273218+01:00,01JAXM8914ZDW1VGRTC1ZN4M8F,2024-10-23T22:28:31.621273218+01:00,01JAXM8NSTD0ZW2KJ6PSE7N96Z,2024-10-23T22:28:31.621273218+01:00,01JAXM97P40H9RFVPJXSRZ6K1R,2024-10-23T22:28:31.621273218+01:00,01JAXM97PPG9G9VNBW8Q8CKTPP,2024-10-23T22:28:31.621273218+01:00,,
01JAXKXYVPEN7W29Z4C7QPV1HJ,,,01JAXKTY3MN0KFAE2Z6NT8YPKK,2024-10-23T22:18:39.99036344+01:00,01JAXKTY3WCCZ4NHA594H2BQZF,2024-10-23T22:18:39.99036344+01:00,01JAXKVDREP320PEC36NDDC4NY,2024-10-23T22:18:39.99036344+01:00,01JAXKVR70Y68V5RB28F57JNEZ,2024-10-23T22:18:39.99036344+01:00,01JAXKVR7B4J6DJ5QX3X1GTPXS,2024-10-23T22:18:39.99036344+01:00,true,2024-10-23T22:18:44.037008697+01:00
01JAXKXYVNFT0B83D7SVZD9HCY,,,01JAXKTY3MN0KFAE2Z6NT8YPKK,2024-10-23T22:18:39.98995641+01:00,01JAXKTY3WCCZ4NHA594H2BQZF,2024-10-23T22:18:39.98995641+01:00,01JAXKV38K8QCM67A1MZ4NE6GV,2024-10-23T22:18:39.98995641+01:00,01JAXKVR70Y68V5RB28F57JNEZ,2024-10-23T22:18:39.98995641+01:00,01JAXKVR7B4J6DJ5QX3X1GTPXS,2024-10-23T22:18:39.98995641+01:00,true,2024-10-23T22:18:42.791252937+01:00
01JAXM97S2XC3PWA4R0SBYPS16,null,2024-10-23T22:25:02.939555039+01:00,01JAXM890X3YSDEJ7G98DY95M2,2024-10-23T22:24:49.570353576+01:00,01JAXM8914ZDW1VGRTC1ZN4M8F,2024-10-23T22:24:49.570353576+01:00,01JAXM8NSTD0ZW2KJ6PSE7N96Z,2024-10-23T22:24:49.570353576+01:00,01JAXM97P3CY375HCVQ56BPFVK,2024-10-23T22:24:49.570353576+01:00,01JAXM97P98KNETCZKE31GQBHF,2024-10-23T22:24:49.570353576+01:00,,
01JAXMABSFYK0GKVHKG5WDJMJZ,,,01JAXM890X3YSDEJ7G98DY95M2,2024-10-23T22:25:26.447560794+01:00,01JAXM8914ZDW1VGRTC1ZN4M8F,2024-10-23T22:25:26.447560794+01:00,01JAXM928JVEQSNQAN8E950K3Y,2024-10-23T22:25:26.447560794+01:00,01JAXM97P3CY375HCVQ56BPFVK,2024-10-23T22:25:26.447560794+01:00,01JAXM97P98KNETCZKFF1CS3HX,2024-10-23T22:25:26.447560794+01:00,true,2024-10-23T22:25:27.569828058+01:00
01JAXMSYY1X5CHPG3ZHBKHE5Y4,,,01JAXM890X3YSDEJ7G98DY95M2,2024-10-23T22:33:57.56980183+01:00,01JAXM8914ZDW1VGRTC1ZN4M8F,2024-10-23T22:33:57.56980183+01:00,01JAXM928JVEQSNQAN8E950K3Y,2024-10-23T22:33:57.56980183+01:00,01JAXM97P40H9RFVPJXSRZ6K1R,2024-10-23T22:33:57.56980183+01:00,01JAXM97PPG9G9VNBW9EV9NGS2,2024-10-23T22:33:57.56980183+01:00,,
