id,batchID,batchIDLastChangedAt,category,categoryLastChangedAt,ended,endedLastChangedAt,gameID,gameIDLastChangedAt,index,indexLastChangedAt,lastHintRequestTime,lastHintRequestTimeLastChangedAt,name,nameLastChangedAt,requestTimestamps,requestTimestampsLastChangedAt,stageIndex,stageIndexLastChangedAt,start,startLastChangedAt,waitingForAssistant,waitingForAssistantLastChangedAt,words,wordsLastChangedAt
01JAXKVR70Y68V5RB28YC6RYEQ,01JAXKTY3MN0KFAE2Z6NT8YPKK,2024-10-23T22:17:27.648672839+01:00,clothing items,2024-10-23T22:18:46.747319759+01:00,true,2024-10-23T22:23:41.522626171+01:00,01JAXKTY3WCCZ4NHA594H2BQZF,2024-10-23T22:17:27.648672839+01:00,2,2024-10-23T22:17:27.648672839+01:00,null,2024-10-23T22:18:58.266956059+01:00,HHCollabSwitched,2024-10-23T22:17:27.648672839+01:00,[9398],2024-10-23T22:18:56.192628703+01:00,3,2024-10-23T22:17:27.666146404+01:00,true,2024-10-23T22:18:46.741052519+01:00,false,2024-10-23T22:18:58.265230884+01:00,"[{""text"":""clothing 1"",""source"":""main"",""timestamp"":8346},{""text"":""shoes"",""source"":""helper"",""timestamp"":11460,""helperLatency"":2062}]",2024-10-23T22:18:58.259297599+01:00
01JAXM97P3CY375HCVQ56BPFVK,01JAXM890X3YSDEJ7G98DY95M2,2024-10-23T22:24:49.475751506+01:00,animals,2024-10-23T22:24:49.559224859+01:00,true,2024-10-23T22:25:28.958680591+01:00,01JAXM8914ZDW1VGRTC1ZN4M8F,2024-10-23T22:24:49.475751506+01:00,0,2024-10-23T22:24:49.475751506+01:00,,,VerbalFluencyTask,2024-10-23T22:24:49.475751506+01:00,,,3,2024-10-23T22:24:49.482641094+01:00,true,2024-10-23T22:24:49.508889265+01:00,,,,
01JAXM97P3CY375HCVQJTNVA2J,01JAXM890X3YSDEJ7G98DY95M2,2024-10-23T22:24:49.475930731+01:00,supermarket items,2024-10-23T22:25:28.96723422+01:00,true,2024-10-23T22:27:58.664317309+01:00,01JAXM8914ZDW1VGRTC1ZN4M8F,2024-10-23T22:24:49.475930731+01:00,1,2024-10-23T22:24:49.475930731+01:00,null,2024-10-23T22:25:41.883539132+01:00,HHCollabSwitched,2024-10-23T22:24:49.475930731+01:00,[10650],2024-10-23T22:25:39.665019669+01:00,3,2024-10-23T22:24:49.487468725+01:00,true,2024-10-23T22:25:28.961763226+01:00,false,2024-10-23T22:25:41.883403228+01:00,"[{""text"":""shampoo"",""source"":""main"",""timestamp"":6631},{""text"":""soap"",""source"":""helper"",""timestamp"":12863,""helperLatency"":2213},{""text"":""dishwasher"",""source"":""main"",""timestamp"":16057},{""text"":""lettuce"",""source"":""main"",""timestamp"":19055}]",2024-10-23T22:25:48.070793873+01:00
01JAXM97P40H9RFVPJXSRZ6K1R,01JAXM890X3YSDEJ7G98DY95M2,2024-10-23T22:24:49.476164882+01:00,clothing items,2024-10-23T22:27:58.673574039+01:00,false,2024-10-23T22:24:49.476164882+01:00,01JAXM8914ZDW1VGRTC1ZN4M8F,2024-10-23T22:24:49.476164882+01:00,2,2024-10-23T22:24:49.476164882+01:00,null,2024-10-23T22:28:09.453963641+01:00,HHCollabSwitched,2024-10-23T22:24:49.476164882+01:00,[8405],2024-10-23T22:28:07.130244818+01:00,3,2024-10-23T22:24:49.495697326+01:00,true,2024-10-23T22:27:58.66774564+01:00,false,2024-10-23T22:28:09.452933636+01:00,"[{""text"":""shoes"",""source"":""main"",""timestamp"":5648},{""text"":""boots"",""source"":""main"",""timestamp"":6751},{""text"":""socks"",""source"":""main"",""timestamp"":7550},{""text"":""hat"",""source"":""helper"",""timestamp"":10725,""helperLatency"":2320},{""text"":""cap"",""source"":""main"",""timestamp"":13351},{""text"":""trousers"",""source"":""main"",""timestamp"":21242},{""text"":""jeans"",""source"":""main"",""timestamp"":24226}]",2024-10-23T22:28:22.952487808+01:00
01JAXKVR70Y68V5RB27ZK69X74,01JAXKTY3MN0KFAE2Z6NT8YPKK,2024-10-23T22:17:27.648358002+01:00,animals,2024-10-23T22:17:27.734418341+01:00,true,2024-10-23T22:18:07.294395228+01:00,01JAXKTY3WCCZ4NHA594H2BQZF,2024-10-23T22:17:27.648358002+01:00,0,2024-10-23T22:17:27.648358002+01:00,,,VerbalFluencyTask,2024-10-23T22:17:27.648358002+01:00,,,3,2024-10-23T22:17:27.655691875+01:00,true,2024-10-23T22:17:27.680448227+01:00,,,,
01JAXKVR70Y68V5RB28F57JNEZ,01JAXKTY3MN0KFAE2Z6NT8YPKK,2024-10-23T22:17:27.648619818+01:00,supermarket items,2024-10-23T22:18:07.303660083+01:00,true,2024-10-23T22:18:46.737551802+01:00,01JAXKTY3WCCZ4NHA594H2BQZF,2024-10-23T22:17:27.648619818+01:00,1,2024-10-23T22:17:27.648619818+01:00,null,2024-10-23T22:18:18.164848652+01:00,HHCollabSwitched,2024-10-23T22:17:27.648619818+01:00,[7674],2024-10-23T22:18:15.027208829+01:00,3,2024-10-23T22:17:27.661045746+01:00,true,2024-10-23T22:18:07.297476436+01:00,false,2024-10-23T22:18:18.164579964+01:00,"[{""text"":""supermarket item 1"",""source"":""main"",""timestamp"":4840},{""text"":""supermarket 2"",""source"":""main"",""timestamp"":6718},{""text"":""pingo doce"",""source"":""helper"",""timestamp"":10808,""helperLatency"":3134},{""text"":""continente"",""source"":""main"",""timestamp"":14344}]",2024-10-23T22:18:21.699420431+01:00
