id,batchID,batchIDLastChangedAt,gameID,gameIDLastChangedAt,lastWord,lastWordLastChangedAt,playerID,playerIDLastChangedAt,requestTimestamps,requestTimestampsLastChangedAt,roundID,roundIDLastChangedAt,score,scoreLastChangedAt,words,wordsLastChangedAt
01JA60AE2182HSGN7WA43SDJTN,01JA609XDYBP6AVHWX53WEQ2ZP,2024-10-14T18:13:25.313108102+01:00,01JA609XEB657V2HX2E97FPEJC,2024-10-14T18:13:25.313108102+01:00,,,01JA60A4ZYPT1S3DVVEHYECKRX,2024-10-14T18:13:25.313108102+01:00,,,01JA60ADYHVSPRQDJWPAVWK122,2024-10-14T18:13:25.313108102+01:00,,,,
01JA60CQXMQF19PK2WKQ7DXM62,01JA609XDYBP6AVHWX53WEQ2ZP,2024-10-14T18:14:40.948954349+01:00,01JA609XEB657V2HX2E97FPEJC,2024-10-14T18:14:40.948954349+01:00,cat,2024-10-14T18:14:43.937493042+01:00,01JA60A4ZYPT1S3DVVEHYECKRX,2024-10-14T18:14:40.948954349+01:00,[7687],2024-10-14T18:14:48.437552097+01:00,01JA60ADYHVSPRQDJWQG44HEVZ,2024-10-14T18:14:40.948954349+01:00,1,2024-10-14T18:14:43.939157305+01:00,"[{""text"":""cat"",""source"":""user"",""timestamp"":3079},{""text"":""Tiger"",""source"":""ai"",""timestamp"":29504}]",2024-10-14T18:15:10.521247826+01:00
01JA60EBCS2SM4YH9GBER0ZNW9,01JA609XDYBP6AVHWX53WEQ2ZP,2024-10-14T18:15:33.657818904+01:00,01JA609XEB657V2HX2E97FPEJC,2024-10-14T18:15:33.657818904+01:00,,,01JA60A4ZYPT1S3DVVEHYECKRX,2024-10-14T18:15:33.657818904+01:00,,,01JA60ADYJVPEX2W4XTW11XQ6C,2024-10-14T18:15:33.657818904+01:00,2,2024-10-14T18:15:40.459712931+01:00,,
01JA60FG2E8GV8H2SG72XJ3JEE,01JA609XDYBP6AVHWX53WEQ2ZP,2024-10-14T18:16:11.214041872+01:00,01JA609XEB657V2HX2E97FPEJC,2024-10-14T18:16:11.214041872+01:00,dog,2024-10-14T18:16:20.368432218+01:00,01JA60AAQW1RDP823GR75ECBRX,2024-10-14T18:16:11.214041872+01:00,,,01JA60ADYJVPEX2W4XVENSMA13,2024-10-14T18:16:11.214041872+01:00,1,2024-10-14T18:16:20.36916758+01:00,"[{""text"":""dog"",""source"":""user"",""timestamp"":9176}]",2024-10-14T18:16:20.368091849+01:00
01JA60EBCS2SM4YH9GBTD1AF2S,01JA609XDYBP6AVHWX53WEQ2ZP,2024-10-14T18:15:33.657928982+01:00,01JA609XEB657V2HX2E97FPEJC,2024-10-14T18:15:33.657928982+01:00,,,01JA60AAQW1RDP823GR75ECBRX,2024-10-14T18:15:33.657928982+01:00,,,01JA60ADYJVPEX2W4XTW11XQ6C,2024-10-14T18:15:33.657928982+01:00,2,2024-10-14T18:15:40.456485824+01:00,,
01JA60FG2D95F1RMPRSS9EAR89,01JA609XDYBP6AVHWX53WEQ2ZP,2024-10-14T18:16:11.213963663+01:00,01JA609XEB657V2HX2E97FPEJC,2024-10-14T18:16:11.213963663+01:00,dog,2024-10-14T18:16:14.127868073+01:00,01JA60A4ZYPT1S3DVVEHYECKRX,2024-10-14T18:16:11.213963663+01:00,,,01JA60ADYJVPEX2W4XVENSMA13,2024-10-14T18:16:11.213963663+01:00,1,2024-10-14T18:16:14.128642239+01:00,"[{""text"":""dog"",""source"":""user"",""timestamp"":2767},{""text"":""Tiger"",""source"":""ai"",""timestamp"":24336}]",2024-10-14T18:16:35.225110167+01:00
01JA60AE2182HSGN7WADH25E78,01JA609XDYBP6AVHWX53WEQ2ZP,2024-10-14T18:13:25.313205379+01:00,01JA609XEB657V2HX2E97FPEJC,2024-10-14T18:13:25.313205379+01:00,,,01JA60AAQW1RDP823GR75ECBRX,2024-10-14T18:13:25.313205379+01:00,,,01JA60ADYHVSPRQDJWPAVWK122,2024-10-14T18:13:25.313205379+01:00,,,,
01JA60ANZZ9T3QBCZRE3BZG3TG,01JA609XDYBP6AVHWX53WEQ2ZP,2024-10-14T18:13:33.439697495+01:00,01JA609XEB657V2HX2E97FPEJC,2024-10-14T18:13:33.439697495+01:00,,,01JA60A4ZYPT1S3DVVEHYECKRX,2024-10-14T18:13:33.439697495+01:00,,,01JA60ADYHVSPRQDJWPR6G3791,2024-10-14T18:13:33.439697495+01:00,0,2024-10-14T18:13:33.461687571+01:00,,
01JA60ANZZ9T3QBCZREF09M22T,01JA609XDYBP6AVHWX53WEQ2ZP,2024-10-14T18:13:33.439808349+01:00,01JA609XEB657V2HX2E97FPEJC,2024-10-14T18:13:33.439808349+01:00,,,01JA60AAQW1RDP823GR75ECBRX,2024-10-14T18:13:33.439808349+01:00,,,01JA60ADYHVSPRQDJWPR6G3791,2024-10-14T18:13:33.439808349+01:00,0,2024-10-14T18:13:33.464201614+01:00,,
01JA60BQ4Y5P9VBA6V156PV3Y7,01JA609XDYBP6AVHWX53WEQ2ZP,2024-10-14T18:14:07.390424596+01:00,01JA609XEB657V2HX2E97FPEJC,2024-10-14T18:14:07.390424596+01:00,,,01JA60A4ZYPT1S3DVVEHYECKRX,2024-10-14T18:14:07.390424596+01:00,,,01JA60ADYHVSPRQDJWQ62M77SK,2024-10-14T18:14:07.390424596+01:00,1,2024-10-14T18:14:15.907083664+01:00,,
01JA60BQ4Y5P9VBA6V1C012F0Y,01JA609XDYBP6AVHWX53WEQ2ZP,2024-10-14T18:14:07.390516819+01:00,01JA609XEB657V2HX2E97FPEJC,2024-10-14T18:14:07.390516819+01:00,,,01JA60AAQW1RDP823GR75ECBRX,2024-10-14T18:14:07.390516819+01:00,,,01JA60ADYHVSPRQDJWQ62M77SK,2024-10-14T18:14:07.390516819+01:00,1,2024-10-14T18:14:15.90508735+01:00,,
01JA60CQXN6J0NJX5QQX2Z9PJC,01JA609XDYBP6AVHWX53WEQ2ZP,2024-10-14T18:14:40.949876155+01:00,01JA609XEB657V2HX2E97FPEJC,2024-10-14T18:14:40.949876155+01:00,,,01JA60AAQW1RDP823GR75ECBRX,2024-10-14T18:14:40.949876155+01:00,[9496],2024-10-14T18:14:50.207557277+01:00,01JA60ADYHVSPRQDJWQG44HEVZ,2024-10-14T18:14:40.949876155+01:00,,,,
