id,apiResponse,apiResponseLastChangedAt,batchID,batchIDLastChangedAt,gameID,gameIDLastChangedAt,playerID,playerIDLastChangedAt,roundID,roundIDLastChangedAt,stageID,stageIDLastChangedAt,submit,submitLastChangedAt
01JA60CN9546VGCAC1PADX7TR5,,,01JA609XDYBP6AVHWX53WEQ2ZP,2024-10-14T18:14:38.245570246+01:00,01JA609XEB657V2HX2E97FPEJC,2024-10-14T18:14:38.245570246+01:00,01JA60A4ZYPT1S3DVVEHYECKRX,2024-10-14T18:14:38.245570246+01:00,01JA60ADYHVSPRQDJWQ62M77SK,2024-10-14T18:14:38.245570246+01:00,01JA60ADYZY0H1Q0RMAK6FFGPJ,2024-10-14T18:14:38.245570246+01:00,true,2024-10-14T18:14:40.936414144+01:00
01JA60CQXX99NSD4P7YRAK83JF,Lemur,2024-10-14T18:15:11.223048171+01:00,01JA609XDYBP6AVHWX53WEQ2ZP,2024-10-14T18:14:40.957950633+01:00,01JA609XEB657V2HX2E97FPEJC,2024-10-14T18:14:40.957950633+01:00,01JA60AAQW1RDP823GR75ECBRX,2024-10-14T18:14:40.957950633+01:00,01JA60ADYHVSPRQDJWQG44HEVZ,2024-10-14T18:14:40.957950633+01:00,01JA60ADZ3PVWJZ96B6PVNX70B,2024-10-14T18:14:40.957950633+01:00,,
01JA60DNG46K221GA26C3MD0FA,,,01JA609XDYBP6AVHWX53WEQ2ZP,2024-10-14T18:15:11.236562801+01:00,01JA609XEB657V2HX2E97FPEJC,2024-10-14T18:15:11.236562801+01:00,01JA60AAQW1RDP823GR75ECBRX,2024-10-14T18:15:11.236562801+01:00,01JA60ADYHVSPRQDJWQG44HEVZ,2024-10-14T18:15:11.236562801+01:00,01JA60ADZ3PVWJZ96B78RNFXY6,2024-10-14T18:15:11.236562801+01:00,true,2024-10-14T18:15:33.64321031+01:00
01JA60G7HQ3H2RHA9ZJ6NZMSAR,,,01JA609XDYBP6AVHWX53WEQ2ZP,2024-10-14T18:16:35.255324258+01:00,01JA609XEB657V2HX2E97FPEJC,2024-10-14T18:16:35.255324258+01:00,01JA60AAQW1RDP823GR75ECBRX,2024-10-14T18:16:35.255324258+01:00,01JA60ADYJVPEX2W4XVENSMA13,2024-10-14T18:16:35.255324258+01:00,01JA60ADZBRG61XET66EN22XKW,2024-10-14T18:16:35.255324258+01:00,true,2024-10-14T18:17:20.713316423+01:00
01JA60AE2JZNDZQQT045SR0WQ4,A gouda pun to start our conversation. What's on your mind?,2024-10-14T18:13:27.60055848+01:00,01JA609XDYBP6AVHWX53WEQ2ZP,2024-10-14T18:13:25.33018018+01:00,01JA609XEB657V2HX2E97FPEJC,2024-10-14T18:13:25.33018018+01:00,01JA60A4ZYPT1S3DVVEHYECKRX,2024-10-14T18:13:25.33018018+01:00,01JA60ADYHVSPRQDJWPAVWK122,2024-10-14T18:13:25.33018018+01:00,01JA60ADYP2TH2Y88BBPNT2DK8,2024-10-14T18:13:25.33018018+01:00,true,2024-10-14T18:13:28.792001766+01:00
01JA60AP085B6Y2KNXRQKJPP61,,,01JA609XDYBP6AVHWX53WEQ2ZP,2024-10-14T18:13:33.448507477+01:00,01JA609XEB657V2HX2E97FPEJC,2024-10-14T18:13:33.448507477+01:00,01JA60A4ZYPT1S3DVVEHYECKRX,2024-10-14T18:13:33.448507477+01:00,01JA60ADYHVSPRQDJWPR6G3791,2024-10-14T18:13:33.448507477+01:00,01JA60ADYT73HHWTJ5VSM2AART,2024-10-14T18:13:33.448507477+01:00,,
01JA60BM56WGRWMWZQY0CVJGYB,,,01JA609XDYBP6AVHWX53WEQ2ZP,2024-10-14T18:14:04.326817773+01:00,01JA609XEB657V2HX2E97FPEJC,2024-10-14T18:14:04.326817773+01:00,01JA60A4ZYPT1S3DVVEHYECKRX,2024-10-14T18:14:04.326817773+01:00,01JA60ADYHVSPRQDJWPR6G3791,2024-10-14T18:14:04.326817773+01:00,01JA60ADYT73HHWTJ5WE1KRTH6,2024-10-14T18:14:04.326817773+01:00,true,2024-10-14T18:14:07.378417058+01:00
01JA60EBD3RSMXQWYKMVEFX016,,,01JA609XDYBP6AVHWX53WEQ2ZP,2024-10-14T18:15:33.667098753+01:00,01JA609XEB657V2HX2E97FPEJC,2024-10-14T18:15:33.667098753+01:00,01JA60AAQW1RDP823GR75ECBRX,2024-10-14T18:15:33.667098753+01:00,01JA60ADYJVPEX2W4XTW11XQ6C,2024-10-14T18:15:33.667098753+01:00,01JA60ADZ6ZGV1NEM0ATXQSAGM,2024-10-14T18:15:33.667098753+01:00,,
01JA60F8Q0W4WT3EW6C07ZXZJ2,,,01JA609XDYBP6AVHWX53WEQ2ZP,2024-10-14T18:16:03.680981622+01:00,01JA609XEB657V2HX2E97FPEJC,2024-10-14T18:16:03.680981622+01:00,01JA60A4ZYPT1S3DVVEHYECKRX,2024-10-14T18:16:03.680981622+01:00,01JA60ADYJVPEX2W4XTW11XQ6C,2024-10-14T18:16:03.680981622+01:00,01JA60ADZ6ZGV1NEM0BC9VCZGB,2024-10-14T18:16:03.680981622+01:00,true,2024-10-14T18:16:08.236017269+01:00
01JA60FG2M89V4Q25VWYK4XT15,Tiger,2024-10-14T18:16:35.247053639+01:00,01JA609XDYBP6AVHWX53WEQ2ZP,2024-10-14T18:16:11.220919015+01:00,01JA609XEB657V2HX2E97FPEJC,2024-10-14T18:16:11.220919015+01:00,01JA60AAQW1RDP823GR75ECBRX,2024-10-14T18:16:11.220919015+01:00,01JA60ADYJVPEX2W4XVENSMA13,2024-10-14T18:16:11.220919015+01:00,01JA60ADZBRG61XET661D75EM8,2024-10-14T18:16:11.220919015+01:00,,
01JA60AP085B6Y2KNXS6KC3WGH,,,01JA609XDYBP6AVHWX53WEQ2ZP,2024-10-14T18:13:33.448656203+01:00,01JA609XEB657V2HX2E97FPEJC,2024-10-14T18:13:33.448656203+01:00,01JA60AAQW1RDP823GR75ECBRX,2024-10-14T18:13:33.448656203+01:00,01JA60ADYHVSPRQDJWPR6G3791,2024-10-14T18:13:33.448656203+01:00,01JA60ADYT73HHWTJ5VSM2AART,2024-10-14T18:13:33.448656203+01:00,,
01JA60BM56WGRWMWZQYDNDR1DG,,,01JA609XDYBP6AVHWX53WEQ2ZP,2024-10-14T18:14:04.326985997+01:00,01JA609XEB657V2HX2E97FPEJC,2024-10-14T18:14:04.326985997+01:00,01JA60AAQW1RDP823GR75ECBRX,2024-10-14T18:14:04.326985997+01:00,01JA60ADYHVSPRQDJWPR6G3791,2024-10-14T18:14:04.326985997+01:00,01JA60ADYT73HHWTJ5WE1KRTH6,2024-10-14T18:14:04.326985997+01:00,true,2024-10-14T18:14:05.923352083+01:00
01JA60BQ56TCRHWSDW03S2NT2P,,,01JA609XDYBP6AVHWX53WEQ2ZP,2024-10-14T18:14:07.398371524+01:00,01JA609XEB657V2HX2E97FPEJC,2024-10-14T18:14:07.398371524+01:00,01JA60A4ZYPT1S3DVVEHYECKRX,2024-10-14T18:14:07.398371524+01:00,01JA60ADYHVSPRQDJWQ62M77SK,2024-10-14T18:14:07.398371524+01:00,01JA60ADYYFEMPVXB6M2PC31ED,2024-10-14T18:14:07.398371524+01:00,,
01JA60BQ56TCRHWSDW0FX55PP3,,,01JA609XDYBP6AVHWX53WEQ2ZP,2024-10-14T18:14:07.398475762+01:00,01JA609XEB657V2HX2E97FPEJC,2024-10-14T18:14:07.398475762+01:00,01JA60AAQW1RDP823GR75ECBRX,2024-10-14T18:14:07.398475762+01:00,01JA60ADYHVSPRQDJWQ62M77SK,2024-10-14T18:14:07.398475762+01:00,01JA60ADYYFEMPVXB6M2PC31ED,2024-10-14T18:14:07.398475762+01:00,,
01JA60DNG46K221GA2623WBXA8,,,01JA609XDYBP6AVHWX53WEQ2ZP,2024-10-14T18:15:11.236460543+01:00,01JA609XEB657V2HX2E97FPEJC,2024-10-14T18:15:11.236460543+01:00,01JA60A4ZYPT1S3DVVEHYECKRX,2024-10-14T18:15:11.236460543+01:00,01JA60ADYHVSPRQDJWQG44HEVZ,2024-10-14T18:15:11.236460543+01:00,01JA60ADZ3PVWJZ96B78RNFXY6,2024-10-14T18:15:11.236460543+01:00,true,2024-10-14T18:15:30.931814194+01:00
01JA60FG2M89V4Q25VWM053AKV,null,2024-10-14T18:16:35.221886423+01:00,01JA609XDYBP6AVHWX53WEQ2ZP,2024-10-14T18:16:11.22082938+01:00,01JA609XEB657V2HX2E97FPEJC,2024-10-14T18:16:11.22082938+01:00,01JA60A4ZYPT1S3DVVEHYECKRX,2024-10-14T18:16:11.22082938+01:00,01JA60ADYJVPEX2W4XVENSMA13,2024-10-14T18:16:11.22082938+01:00,01JA60ADZBRG61XET661D75EM8,2024-10-14T18:16:11.22082938+01:00,,
01JA60G7HQ3H2RHA9ZHWEFGJFA,,,01JA609XDYBP6AVHWX53WEQ2ZP,2024-10-14T18:16:35.255202507+01:00,01JA609XEB657V2HX2E97FPEJC,2024-10-14T18:16:35.255202507+01:00,01JA60A4ZYPT1S3DVVEHYECKRX,2024-10-14T18:16:35.255202507+01:00,01JA60ADYJVPEX2W4XVENSMA13,2024-10-14T18:16:35.255202507+01:00,01JA60ADZBRG61XET66EN22XKW,2024-10-14T18:16:35.255202507+01:00,true,2024-10-14T18:16:48.841991851+01:00
01JA60AE2H81NM22PXPEQ72WPA,A gouda pun to start our conversation. What's on your mind?,2024-10-14T18:13:31.195931877+01:00,01JA609XDYBP6AVHWX53WEQ2ZP,2024-10-14T18:13:25.329936241+01:00,01JA609XEB657V2HX2E97FPEJC,2024-10-14T18:13:25.329936241+01:00,01JA60AAQW1RDP823GR75ECBRX,2024-10-14T18:13:25.329936241+01:00,01JA60ADYHVSPRQDJWPAVWK122,2024-10-14T18:13:25.329936241+01:00,01JA60ADYP2TH2Y88BBPNT2DK8,2024-10-14T18:13:25.329936241+01:00,true,2024-10-14T18:13:33.426923627+01:00
01JA60CN9546VGCAC1PM8D29VN,,,01JA609XDYBP6AVHWX53WEQ2ZP,2024-10-14T18:14:38.245729709+01:00,01JA609XEB657V2HX2E97FPEJC,2024-10-14T18:14:38.245729709+01:00,01JA60AAQW1RDP823GR75ECBRX,2024-10-14T18:14:38.245729709+01:00,01JA60ADYHVSPRQDJWQ62M77SK,2024-10-14T18:14:38.245729709+01:00,01JA60ADYZY0H1Q0RMAK6FFGPJ,2024-10-14T18:14:38.245729709+01:00,true,2024-10-14T18:14:39.155610913+01:00
01JA60CQXX99NSD4P7YB5MWQNQ,null,2024-10-14T18:15:10.519449756+01:00,01JA609XDYBP6AVHWX53WEQ2ZP,2024-10-14T18:14:40.957844309+01:00,01JA609XEB657V2HX2E97FPEJC,2024-10-14T18:14:40.957844309+01:00,01JA60A4ZYPT1S3DVVEHYECKRX,2024-10-14T18:14:40.957844309+01:00,01JA60ADYHVSPRQDJWQG44HEVZ,2024-10-14T18:14:40.957844309+01:00,01JA60ADZ3PVWJZ96B6PVNX70B,2024-10-14T18:14:40.957844309+01:00,,
01JA60EBD2A2YXQHZ1QE1QXMM6,,,01JA609XDYBP6AVHWX53WEQ2ZP,2024-10-14T18:15:33.666948241+01:00,01JA609XEB657V2HX2E97FPEJC,2024-10-14T18:15:33.666948241+01:00,01JA60A4ZYPT1S3DVVEHYECKRX,2024-10-14T18:15:33.666948241+01:00,01JA60ADYJVPEX2W4XTW11XQ6C,2024-10-14T18:15:33.666948241+01:00,01JA60ADZ6ZGV1NEM0ATXQSAGM,2024-10-14T18:15:33.666948241+01:00,,
01JA60F8Q1HJFHTH5DZ6W7M7MW,,,01JA609XDYBP6AVHWX53WEQ2ZP,2024-10-14T18:16:03.681112659+01:00,01JA609XEB657V2HX2E97FPEJC,2024-10-14T18:16:03.681112659+01:00,01JA60AAQW1RDP823GR75ECBRX,2024-10-14T18:16:03.681112659+01:00,01JA60ADYJVPEX2W4XTW11XQ6C,2024-10-14T18:16:03.681112659+01:00,01JA60ADZ6ZGV1NEM0BC9VCZGB,2024-10-14T18:16:03.681112659+01:00,true,2024-10-14T18:16:11.201349947+01:00
