id,apiResponse,apiResponseLastChangedAt,batchID,batchIDLastChangedAt,gameID,gameIDLastChangedAt,playerID,playerIDLastChangedAt,roundID,roundIDLastChangedAt,stageID,stageIDLastChangedAt,submit,submitLastChangedAt
01JA8C25GTNJPBZ7B8K5S20PDG,,,01JA8C0J0SH3B1V9HZBCMZNHXX,2024-10-15T16:17:06.202272851+01:00,01JA8C0J117Z9RSVTD3XKHC1GB,2024-10-15T16:17:06.202272851+01:00,01JA8C0RP5ZMMK8P8SE53QX8MA,2024-10-15T16:17:06.202272851+01:00,01JA8C0YYCPTA8JCE7VKJC6QC0,2024-10-15T16:17:06.202272851+01:00,01JA8C0YYN1QAJAVW1E9Y7NMG2,2024-10-15T16:17:06.202272851+01:00,true,2024-10-15T16:17:10.043526422+01:00
01JA8C2B3BHYWYDFZ9C0JQVV86,,,01JA8C0J0SH3B1V9HZBCMZNHXX,2024-10-15T16:17:11.915552747+01:00,01JA8C0J117Z9RSVTD3XKHC1GB,2024-10-15T16:17:11.915552747+01:00,01JA8C0V59X8V40ATS7J9HE4PQ,2024-10-15T16:17:11.915552747+01:00,01JA8C0YYDJKVM6CWEM765JNJT,2024-10-15T16:17:11.915552747+01:00,01JA8C0YYSF0NE9RYV7QCJQR0J,2024-10-15T16:17:11.915552747+01:00,,
01JA8C6J878A97NYS06PKA6S21,,,01JA8C0J0SH3B1V9HZBCMZNHXX,2024-10-15T16:19:30.311818851+01:00,01JA8C0J117Z9RSVTD3XKHC1GB,2024-10-15T16:19:30.311818851+01:00,01JA8C0V59X8V40ATS7J9HE4PQ,2024-10-15T16:19:30.311818851+01:00,01JA8C0YYDJKVM6CWEN09FH9D6,2024-10-15T16:19:30.311818851+01:00,01JA8C0YZ5FSP6PVYCXAKVC49S,2024-10-15T16:19:30.311818851+01:00,true,2024-10-15T16:19:34.235010206+01:00
01JA8C0Z27KNBA3M01H7AVRE3S,"It's a gouda pun, but I'm happy to meet you too. What's on your mind, or would you like to grate some conversation?",2024-10-15T16:16:29.599757649+01:00,01JA8C0J0SH3B1V9HZBCMZNHXX,2024-10-15T16:16:26.823422646+01:00,01JA8C0J117Z9RSVTD3XKHC1GB,2024-10-15T16:16:26.823422646+01:00,01JA8C0RP5ZMMK8P8SE53QX8MA,2024-10-15T16:16:26.823422646+01:00,01JA8C0YYCPTA8JCE7V7X7P380,2024-10-15T16:16:26.823422646+01:00,01JA8C0YYJK28QHQSX87J8WSVY,2024-10-15T16:16:26.823422646+01:00,true,2024-10-15T16:16:30.300073212+01:00
01JA8C15PF9C5FRDR9PMB0EXMB,,,01JA8C0J0SH3B1V9HZBCMZNHXX,2024-10-15T16:16:33.615174466+01:00,01JA8C0J117Z9RSVTD3XKHC1GB,2024-10-15T16:16:33.615174466+01:00,01JA8C0V59X8V40ATS7J9HE4PQ,2024-10-15T16:16:33.615174466+01:00,01JA8C0YYCPTA8JCE7VKJC6QC0,2024-10-15T16:16:33.615174466+01:00,01JA8C0YYN1QAJAVW1DMDA96E1,2024-10-15T16:16:33.615174466+01:00,,
01JA8C3A7SD8ZVP5XBGFFVB1PM,,,01JA8C0J0SH3B1V9HZBCMZNHXX,2024-10-15T16:17:43.801561952+01:00,01JA8C0J117Z9RSVTD3XKHC1GB,2024-10-15T16:17:43.801561952+01:00,01JA8C0V59X8V40ATS7J9HE4PQ,2024-10-15T16:17:43.801561952+01:00,01JA8C0YYDJKVM6CWEM765JNJT,2024-10-15T16:17:43.801561952+01:00,01JA8C0YYSF0NE9RYV81GTTEQN,2024-10-15T16:17:43.801561952+01:00,true,2024-10-15T16:18:08.800962571+01:00
01JA8C4CER7S82JP5NDXCF8X8N,,,01JA8C0J0SH3B1V9HZBCMZNHXX,2024-10-15T16:18:18.840625597+01:00,01JA8C0J117Z9RSVTD3XKHC1GB,2024-10-15T16:18:18.840625597+01:00,01JA8C0RP5ZMMK8P8SE53QX8MA,2024-10-15T16:18:18.840625597+01:00,01JA8C0YYDJKVM6CWEMN0NCGCF,2024-10-15T16:18:18.840625597+01:00,01JA8C0YYXF6N7F1YW4R6YDRF3,2024-10-15T16:18:18.840625597+01:00,true,2024-10-15T16:18:31.745421487+01:00
01JA8C4CER7S82JP5NE99W0W08,,,01JA8C0J0SH3B1V9HZBCMZNHXX,2024-10-15T16:18:18.840788677+01:00,01JA8C0J117Z9RSVTD3XKHC1GB,2024-10-15T16:18:18.840788677+01:00,01JA8C0V59X8V40ATS7J9HE4PQ,2024-10-15T16:18:18.840788677+01:00,01JA8C0YYDJKVM6CWEMN0NCGCF,2024-10-15T16:18:18.840788677+01:00,01JA8C0YYXF6N7F1YW4R6YDRF3,2024-10-15T16:18:18.840788677+01:00,true,2024-10-15T16:18:33.599097157+01:00
01JA8C4TWM9NDP1AJBHEAXJJW5,,,01JA8C0J0SH3B1V9HZBCMZNHXX,2024-10-15T16:18:33.620229666+01:00,01JA8C0J117Z9RSVTD3XKHC1GB,2024-10-15T16:18:33.620229666+01:00,01JA8C0RP5ZMMK8P8SE53QX8MA,2024-10-15T16:18:33.620229666+01:00,01JA8C0YYDJKVM6CWENCD3M8EZ,2024-10-15T16:18:33.620229666+01:00,01JA8C0YZ1259K3TQNQVHER6G3,2024-10-15T16:18:33.620229666+01:00,,
01JA8C5V2DN4E93J3FDZ16N3FV,,,01JA8C0J0SH3B1V9HZBCMZNHXX,2024-10-15T16:19:06.573360853+01:00,01JA8C0J117Z9RSVTD3XKHC1GB,2024-10-15T16:19:06.573360853+01:00,01JA8C0RP5ZMMK8P8SE53QX8MA,2024-10-15T16:19:06.573360853+01:00,01JA8C0YYDJKVM6CWENCD3M8EZ,2024-10-15T16:19:06.573360853+01:00,01JA8C0YZ1259K3TQNRN9BXN2R,2024-10-15T16:19:06.573360853+01:00,true,2024-10-15T16:19:18.297901329+01:00
01JA8C68FBF3C77VSHD8HAQ5WH,null,2024-10-15T16:19:23.983077336+01:00,01JA8C0J0SH3B1V9HZBCMZNHXX,2024-10-15T16:19:20.299499228+01:00,01JA8C0J117Z9RSVTD3XKHC1GB,2024-10-15T16:19:20.299499228+01:00,01JA8C0V59X8V40ATS7J9HE4PQ,2024-10-15T16:19:20.299499228+01:00,01JA8C0YYDJKVM6CWEN09FH9D6,2024-10-15T16:19:20.299499228+01:00,01JA8C0YZ5FSP6PVYCWRJR600K,2024-10-15T16:19:20.299499228+01:00,,
01JA8C0Z27KNBA3M01HPY0QCH2,"A cheesy pun to start our conversation. I'm happy to meet you too. What's on your mind, or would you like to chat about something in particular?",2024-10-15T16:16:32.537459554+01:00,01JA8C0J0SH3B1V9HZBCMZNHXX,2024-10-15T16:16:26.823550801+01:00,01JA8C0J117Z9RSVTD3XKHC1GB,2024-10-15T16:16:26.823550801+01:00,01JA8C0V59X8V40ATS7J9HE4PQ,2024-10-15T16:16:26.823550801+01:00,01JA8C0YYCPTA8JCE7V7X7P380,2024-10-15T16:16:26.823550801+01:00,01JA8C0YYJK28QHQSX87J8WSVY,2024-10-15T16:16:26.823550801+01:00,true,2024-10-15T16:16:33.595930828+01:00
01JA8C3A7SD8ZVP5XBG0065DH0,,,01JA8C0J0SH3B1V9HZBCMZNHXX,2024-10-15T16:17:43.801426989+01:00,01JA8C0J117Z9RSVTD3XKHC1GB,2024-10-15T16:17:43.801426989+01:00,01JA8C0RP5ZMMK8P8SE53QX8MA,2024-10-15T16:17:43.801426989+01:00,01JA8C0YYDJKVM6CWEM765JNJT,2024-10-15T16:17:43.801426989+01:00,01JA8C0YYSF0NE9RYV81GTTEQN,2024-10-15T16:17:43.801426989+01:00,true,2024-10-15T16:18:05.300319303+01:00
01JA8C4TWM9NDP1AJBHSE4KG0D,,,01JA8C0J0SH3B1V9HZBCMZNHXX,2024-10-15T16:18:33.620351955+01:00,01JA8C0J117Z9RSVTD3XKHC1GB,2024-10-15T16:18:33.620351955+01:00,01JA8C0V59X8V40ATS7J9HE4PQ,2024-10-15T16:18:33.620351955+01:00,01JA8C0YYDJKVM6CWENCD3M8EZ,2024-10-15T16:18:33.620351955+01:00,01JA8C0YZ1259K3TQNQVHER6G3,2024-10-15T16:18:33.620351955+01:00,,
01JA8C68FBF3C77VSHCSQFBZZT,null,2024-10-15T16:19:27.033091597+01:00,01JA8C0J0SH3B1V9HZBCMZNHXX,2024-10-15T16:19:20.299362765+01:00,01JA8C0J117Z9RSVTD3XKHC1GB,2024-10-15T16:19:20.299362765+01:00,01JA8C0RP5ZMMK8P8SE53QX8MA,2024-10-15T16:19:20.299362765+01:00,01JA8C0YYDJKVM6CWEN09FH9D6,2024-10-15T16:19:20.299362765+01:00,01JA8C0YZ5FSP6PVYCWRJR600K,2024-10-15T16:19:20.299362765+01:00,,
01JA8C6J878A97NYS0730VNMSB,,,01JA8C0J0SH3B1V9HZBCMZNHXX,2024-10-15T16:19:30.311920919+01:00,01JA8C0J117Z9RSVTD3XKHC1GB,2024-10-15T16:19:30.311920919+01:00,01JA8C0RP5ZMMK8P8SE53QX8MA,2024-10-15T16:19:30.311920919+01:00,01JA8C0YYDJKVM6CWEN09FH9D6,2024-10-15T16:19:30.311920919+01:00,01JA8C0YZ5FSP6PVYCXAKVC49S,2024-10-15T16:19:30.311920919+01:00,true,2024-10-15T16:19:32.932892554+01:00
01JA8C42NPR6SYS9PJ8QC671AQ,null,2024-10-15T16:18:15.807323214+01:00,01JA8C0J0SH3B1V9HZBCMZNHXX,2024-10-15T16:18:08.822393899+01:00,01JA8C0J117Z9RSVTD3XKHC1GB,2024-10-15T16:18:08.822393899+01:00,01JA8C0RP5ZMMK8P8SE53QX8MA,2024-10-15T16:18:08.822393899+01:00,01JA8C0YYDJKVM6CWEMN0NCGCF,2024-10-15T16:18:08.822393899+01:00,01JA8C0YYXF6N7F1YW4CV4TNRP,2024-10-15T16:18:08.822393899+01:00,,
01JA8C42NPR6SYS9PJ94M0ZS76,null,2024-10-15T16:18:13.436470113+01:00,01JA8C0J0SH3B1V9HZBCMZNHXX,2024-10-15T16:18:08.822537994+01:00,01JA8C0J117Z9RSVTD3XKHC1GB,2024-10-15T16:18:08.822537994+01:00,01JA8C0V59X8V40ATS7J9HE4PQ,2024-10-15T16:18:08.822537994+01:00,01JA8C0YYDJKVM6CWEMN0NCGCF,2024-10-15T16:18:08.822537994+01:00,01JA8C0YYXF6N7F1YW4CV4TNRP,2024-10-15T16:18:08.822537994+01:00,,
01JA8C2B3BHYWYDFZ9BG29FV5E,,,01JA8C0J0SH3B1V9HZBCMZNHXX,2024-10-15T16:17:11.915457691+01:00,01JA8C0J117Z9RSVTD3XKHC1GB,2024-10-15T16:17:11.915457691+01:00,01JA8C0RP5ZMMK8P8SE53QX8MA,2024-10-15T16:17:11.915457691+01:00,01JA8C0YYDJKVM6CWEM765JNJT,2024-10-15T16:17:11.915457691+01:00,01JA8C0YYSF0NE9RYV7QCJQR0J,2024-10-15T16:17:11.915457691+01:00,,
01JA8C5V2DN4E93J3FDK5A0ZJD,,,01JA8C0J0SH3B1V9HZBCMZNHXX,2024-10-15T16:19:06.573194824+01:00,01JA8C0J117Z9RSVTD3XKHC1GB,2024-10-15T16:19:06.573194824+01:00,01JA8C0V59X8V40ATS7J9HE4PQ,2024-10-15T16:19:06.573194824+01:00,01JA8C0YYDJKVM6CWENCD3M8EZ,2024-10-15T16:19:06.573194824+01:00,01JA8C0YZ1259K3TQNRN9BXN2R,2024-10-15T16:19:06.573194824+01:00,true,2024-10-15T16:19:20.280667841+01:00
01JA8C15PF9C5FRDR9PBET3CCE,,,01JA8C0J0SH3B1V9HZBCMZNHXX,2024-10-15T16:16:33.615092199+01:00,01JA8C0J117Z9RSVTD3XKHC1GB,2024-10-15T16:16:33.615092199+01:00,01JA8C0RP5ZMMK8P8SE53QX8MA,2024-10-15T16:16:33.615092199+01:00,01JA8C0YYCPTA8JCE7VKJC6QC0,2024-10-15T16:16:33.615092199+01:00,01JA8C0YYN1QAJAVW1DMDA96E1,2024-10-15T16:16:33.615092199+01:00,,
01JA8C25GTNJPBZ7B8KK7J9056,,,01JA8C0J0SH3B1V9HZBCMZNHXX,2024-10-15T16:17:06.20234856+01:00,01JA8C0J117Z9RSVTD3XKHC1GB,2024-10-15T16:17:06.20234856+01:00,01JA8C0V59X8V40ATS7J9HE4PQ,2024-10-15T16:17:06.20234856+01:00,01JA8C0YYCPTA8JCE7VKJC6QC0,2024-10-15T16:17:06.20234856+01:00,01JA8C0YYN1QAJAVW1E9Y7NMG2,2024-10-15T16:17:06.20234856+01:00,true,2024-10-15T16:17:11.894193635+01:00
