id,batchID,batchIDLastChangedAt,gameID,gameIDLastChangedAt,lastWord,lastWordLastChangedAt,playerID,playerIDLastChangedAt,requestTimestamps,requestTimestampsLastChangedAt,roundID,roundIDLastChangedAt,roundName,roundNameLastChangedAt,score,scoreLastChangedAt,words,wordsLastChangedAt
01JA8C2B33QM2TM4PJ0PWFJXK9,01JA8C0J0SH3B1V9HZBCMZNHXX,2024-10-15T16:17:11.907667122+01:00,01JA8C0J117Z9RSVTD3XKHC1GB,2024-10-15T16:17:11.907667122+01:00,,,01JA8C0RP5ZMMK8P8SE53QX8MA,2024-10-15T16:17:11.907667122+01:00,,,01JA8C0YYDJKVM6CWEM765JNJT,2024-10-15T16:17:11.907667122+01:00,HHCollabSwitched,2024-10-15T16:17:11.910121288+01:00,2,2024-10-15T16:17:18.838639351+01:00,,
01JA8C2B33QM2TM4PJ10PARZRD,01JA8C0J0SH3B1V9HZBCMZNHXX,2024-10-15T16:17:11.907759984+01:00,01JA8C0J117Z9RSVTD3XKHC1GB,2024-10-15T16:17:11.907759984+01:00,,,01JA8C0V59X8V40ATS7J9HE4PQ,2024-10-15T16:17:11.907759984+01:00,,,01JA8C0YYDJKVM6CWEM765JNJT,2024-10-15T16:17:11.907759984+01:00,HHCollabSwitched,2024-10-15T16:17:11.910121288+01:00,2,2024-10-15T16:17:18.828387316+01:00,,
01JA8C4TWBBX55NF5X1SP17MR7,01JA8C0J0SH3B1V9HZBCMZNHXX,2024-10-15T16:18:33.611229492+01:00,01JA8C0J117Z9RSVTD3XKHC1GB,2024-10-15T16:18:33.611229492+01:00,,,01JA8C0RP5ZMMK8P8SE53QX8MA,2024-10-15T16:18:33.611229492+01:00,,,01JA8C0YYDJKVM6CWENCD3M8EZ,2024-10-15T16:18:33.611229492+01:00,HHInterleaved,2024-10-15T16:18:33.614179577+01:00,4,2024-10-15T16:18:51.498166314+01:00,,
01JA8C4TWBBX55NF5X24CBXVX5,01JA8C0J0SH3B1V9HZBCMZNHXX,2024-10-15T16:18:33.611328349+01:00,01JA8C0J117Z9RSVTD3XKHC1GB,2024-10-15T16:18:33.611328349+01:00,,,01JA8C0V59X8V40ATS7J9HE4PQ,2024-10-15T16:18:33.611328349+01:00,,,01JA8C0YYDJKVM6CWENCD3M8EZ,2024-10-15T16:18:33.611328349+01:00,HHInterleaved,2024-10-15T16:18:33.614179577+01:00,4,2024-10-15T16:18:51.495326143+01:00,,
01JA8C68F3QXWCVNDZ1QGR5JAB,01JA8C0J0SH3B1V9HZBCMZNHXX,2024-10-15T16:19:20.29111398+01:00,01JA8C0J117Z9RSVTD3XKHC1GB,2024-10-15T16:19:20.29111398+01:00,Dog,2024-10-15T16:19:22.828461109+01:00,01JA8C0V59X8V40ATS7J9HE4PQ,2024-10-15T16:19:20.29111398+01:00,,,01JA8C0YYDJKVM6CWEN09FH9D6,2024-10-15T16:19:20.29111398+01:00,InterleavedLLM,2024-10-15T16:19:20.312065267+01:00,1,2024-10-15T16:19:22.829201993+01:00,"[{""text"":""Dog"",""source"":""user"",""timestamp"":-480},{""text"":""Tiger"",""source"":""ai"",""timestamp"":787}]",2024-10-15T16:19:23.986321423+01:00
01JA8C0Z1NE122WH1QGZPGWNSV,01JA8C0J0SH3B1V9HZBCMZNHXX,2024-10-15T16:16:26.805150787+01:00,01JA8C0J117Z9RSVTD3XKHC1GB,2024-10-15T16:16:26.805150787+01:00,,,01JA8C0RP5ZMMK8P8SE53QX8MA,2024-10-15T16:16:26.805150787+01:00,,,01JA8C0YYCPTA8JCE7V7X7P380,2024-10-15T16:16:26.805150787+01:00,testRound,2024-10-15T16:16:26.808478264+01:00,,,,
01JA8C0Z1NE122WH1QH6W6ZJ0A,01JA8C0J0SH3B1V9HZBCMZNHXX,2024-10-15T16:16:26.805232126+01:00,01JA8C0J117Z9RSVTD3XKHC1GB,2024-10-15T16:16:26.805232126+01:00,,,01JA8C0V59X8V40ATS7J9HE4PQ,2024-10-15T16:16:26.805232126+01:00,,,01JA8C0YYCPTA8JCE7V7X7P380,2024-10-15T16:16:26.805232126+01:00,testRound,2024-10-15T16:16:26.808478264+01:00,,,,
01JA8C15P7F9525P60M9KKGHR6,01JA8C0J0SH3B1V9HZBCMZNHXX,2024-10-15T16:16:33.607458182+01:00,01JA8C0J117Z9RSVTD3XKHC1GB,2024-10-15T16:16:33.607458182+01:00,,,01JA8C0V59X8V40ATS7J9HE4PQ,2024-10-15T16:16:33.607458182+01:00,,,01JA8C0YYCPTA8JCE7VKJC6QC0,2024-10-15T16:16:33.607458182+01:00,HHCollab,2024-10-15T16:16:33.610350466+01:00,3,2024-10-15T16:16:46.469055791+01:00,,
01JA8C68F2GJA2F6K5TAQ0PKNC,01JA8C0J0SH3B1V9HZBCMZNHXX,2024-10-15T16:19:20.291004615+01:00,01JA8C0J117Z9RSVTD3XKHC1GB,2024-10-15T16:19:20.291004615+01:00,Tiger,2024-10-15T16:19:26.548536997+01:00,01JA8C0RP5ZMMK8P8SE53QX8MA,2024-10-15T16:19:20.291004615+01:00,,,01JA8C0YYDJKVM6CWEN09FH9D6,2024-10-15T16:19:20.291004615+01:00,InterleavedLLM,2024-10-15T16:19:20.310473885+01:00,1,2024-10-15T16:19:26.549441245+01:00,"[{""text"":""Tiger"",""source"":""user"",""timestamp"":3577},{""text"":""Lemur"",""source"":""ai"",""timestamp"":4110}]",2024-10-15T16:19:27.03716756+01:00
01JA8C15P7F9525P60M3ZFETBZ,01JA8C0J0SH3B1V9HZBCMZNHXX,2024-10-15T16:16:33.607275171+01:00,01JA8C0J117Z9RSVTD3XKHC1GB,2024-10-15T16:16:33.607275171+01:00,,,01JA8C0RP5ZMMK8P8SE53QX8MA,2024-10-15T16:16:33.607275171+01:00,,,01JA8C0YYCPTA8JCE7VKJC6QC0,2024-10-15T16:16:33.607275171+01:00,HHCollab,2024-10-15T16:16:33.610350466+01:00,3,2024-10-15T16:16:46.464898129+01:00,,
01JA8C42NE10A9Y0KN3NKZP551,01JA8C0J0SH3B1V9HZBCMZNHXX,2024-10-15T16:18:08.814151621+01:00,01JA8C0J117Z9RSVTD3XKHC1GB,2024-10-15T16:18:08.814151621+01:00,,,01JA8C0RP5ZMMK8P8SE53QX8MA,2024-10-15T16:18:08.814151621+01:00,[3357],2024-10-15T16:18:14.947168104+01:00,01JA8C0YYDJKVM6CWEMN0NCGCF,2024-10-15T16:18:08.814151621+01:00,SelfiInitiatedLLM,2024-10-15T16:18:08.832464101+01:00,,,"[{""text"":""Tiger"",""source"":""ai"",""timestamp"":4297}]",2024-10-15T16:18:15.809460945+01:00
01JA8C42NE10A9Y0KN3X1Z45V0,01JA8C0J0SH3B1V9HZBCMZNHXX,2024-10-15T16:18:08.814239886+01:00,01JA8C0J117Z9RSVTD3XKHC1GB,2024-10-15T16:18:08.814239886+01:00,Dog,2024-10-15T16:18:11.147466462+01:00,01JA8C0V59X8V40ATS7J9HE4PQ,2024-10-15T16:18:08.814239886+01:00,[310],2024-10-15T16:18:12.152661722+01:00,01JA8C0YYDJKVM6CWEMN0NCGCF,2024-10-15T16:18:08.814239886+01:00,SelfiInitiatedLLM,2024-10-15T16:18:08.835306491+01:00,1,2024-10-15T16:18:11.148792881+01:00,"[{""text"":""Dog"",""source"":""user"",""timestamp"":-787},{""text"":""Tiger"",""source"":""ai"",""timestamp"":1708}]",2024-10-15T16:18:13.438780007+01:00
