id,batchID,batchIDLastChangedAt,currentTurnPlayerId,currentTurnPlayerIdLastChangedAt,ended,endedLastChangedAt,gameID,gameIDLastChangedAt,index,indexLastChangedAt,name,nameLastChangedAt,requestTimestamps,requestTimestampsLastChangedAt,score,scoreLastChangedAt,stageIndex,stageIndexLastChangedAt,start,startLastChangedAt,startTime,startTimeLastChangedAt,waitingForAssistant,waitingForAssistantLastChangedAt,words,wordsLastChangedAt
01JA8C0YYDJKVM6CWEN09FH9D6,01JA8C0J0SH3B1V9HZBCMZNHXX,2024-10-15T16:16:26.701827606+01:00,,,true,2024-10-15T16:19:34.24115798+01:00,01JA8C0J117Z9RSVTD3XKHC1GB,2024-10-15T16:16:26.701827606+01:00,5,2024-10-15T16:16:26.701827606+01:00,VFTCollab,2024-10-15T16:16:26.701827606+01:00,,,,,2,2024-10-15T16:16:26.726285032+01:00,true,2024-10-15T16:19:20.288646366+01:00,1729005560292,2024-10-15T16:19:20.293470489+01:00,,,,
01JA8C0YYDJKVM6CWENCD3M8EZ,01JA8C0J0SH3B1V9HZBCMZNHXX,2024-10-15T16:16:26.701905342+01:00,01JA8C0RP5ZMMK8P8SE53QX8MA,2024-10-15T16:18:51.495079872+01:00,true,2024-10-15T16:19:20.286461093+01:00,01JA8C0J117Z9RSVTD3XKHC1GB,2024-10-15T16:16:26.701905342+01:00,4,2024-10-15T16:16:26.701905342+01:00,HHInterleaved,2024-10-15T16:16:26.701905342+01:00,,,0,2024-10-15T16:18:33.614179577+01:00,2,2024-10-15T16:16:26.722695157+01:00,true,2024-10-15T16:18:33.608529936+01:00,1729005513613,2024-10-15T16:18:33.614179577+01:00,,,"[{""text"":""Dog"",""player"":""01JA8C0RP5ZMMK8P8SE53QX8MA"",""timestamp"":5103},{""text"":""Cat"",""player"":""01JA8C0V59X8V40ATS7J9HE4PQ"",""timestamp"":8031},{""text"":""Shark"",""player"":""01JA8C0RP5ZMMK8P8SE53QX8MA"",""timestamp"":12025},{""text"":""Fish"",""player"":""01JA8C0V59X8V40ATS7J9HE4PQ"",""timestamp"":15223}]",2024-10-15T16:18:51.487959919+01:00
01JA8C0YYCPTA8JCE7V7X7P380,01JA8C0J0SH3B1V9HZBCMZNHXX,2024-10-15T16:16:26.70085777+01:00,,,true,2024-10-15T16:16:33.602932438+01:00,01JA8C0J117Z9RSVTD3XKHC1GB,2024-10-15T16:16:26.70085777+01:00,0,2024-10-15T16:16:26.70085777+01:00,testRound,2024-10-15T16:16:26.70085777+01:00,,,,,1,2024-10-15T16:16:26.707098876+01:00,true,2024-10-15T16:16:26.746009952+01:00,1729005386807,2024-10-15T16:16:26.808478264+01:00,,,,
01JA8C0YYCPTA8JCE7VKJC6QC0,01JA8C0J0SH3B1V9HZBCMZNHXX,2024-10-15T16:16:26.700909539+01:00,,,true,2024-10-15T16:17:11.902741897+01:00,01JA8C0J117Z9RSVTD3XKHC1GB,2024-10-15T16:16:26.700909539+01:00,1,2024-10-15T16:16:26.700909539+01:00,HHCollab,2024-10-15T16:16:26.700909539+01:00,"[2157,12577]",2024-10-15T16:16:47.44206809+01:00,,,2,2024-10-15T16:16:26.710967145+01:00,true,2024-10-15T16:16:33.604889948+01:00,1729005393609,2024-10-15T16:16:33.610350466+01:00,true,2024-10-15T16:16:47.441908285+01:00,"[{""text"":""Dog"",""source"":""main"",""timestamp"":734},{""text"":""Cat"",""source"":""helper"",""timestamp"":5653},{""text"":""Frog"",""source"":""main"",""timestamp"":10237},{""text"":""Fish"",""source"":""main"",""timestamp"":11510}]",2024-10-15T16:16:46.463458334+01:00
01JA8C0YYDJKVM6CWEM765JNJT,01JA8C0J0SH3B1V9HZBCMZNHXX,2024-10-15T16:16:26.701585232+01:00,,,true,2024-10-15T16:18:08.809359499+01:00,01JA8C0J117Z9RSVTD3XKHC1GB,2024-10-15T16:16:26.701585232+01:00,2,2024-10-15T16:16:26.701585232+01:00,HHCollabSwitched,2024-10-15T16:16:26.701585232+01:00,"[5168,18103]",2024-10-15T16:17:33.365841399+01:00,,,2,2024-10-15T16:16:26.714778695+01:00,true,2024-10-15T16:17:11.905185082+01:00,1729005431909,2024-10-15T16:17:11.910121288+01:00,true,2024-10-15T16:17:33.365625683+01:00,"[{""text"":""Dolphin"",""source"":""main"",""timestamp"":1593},{""text"":""Shark"",""source"":""main"",""timestamp"":4280},{""text"":""Rabbit"",""source"":""helper"",""timestamp"":13464}]",2024-10-15T16:17:29.115347027+01:00
01JA8C0YYDJKVM6CWEMN0NCGCF,01JA8C0J0SH3B1V9HZBCMZNHXX,2024-10-15T16:16:26.701710215+01:00,,,true,2024-10-15T16:18:33.606624234+01:00,01JA8C0J117Z9RSVTD3XKHC1GB,2024-10-15T16:16:26.701710215+01:00,3,2024-10-15T16:16:26.701710215+01:00,VFTask,2024-10-15T16:16:26.701710215+01:00,,,,,2,2024-10-15T16:16:26.71867744+01:00,true,2024-10-15T16:18:08.811506319+01:00,1729005488815,2024-10-15T16:18:08.816824744+01:00,,,,
