id,batchID,batchIDLastChangedAt,gameID,gameIDLastChangedAt,lastWord,lastWordLastChangedAt,playerID,playerIDLastChangedAt,requestTimestamps,requestTimestampsLastChangedAt,roundID,roundIDLastChangedAt,roundName,roundNameLastChangedAt,score,scoreLastChangedAt,words,wordsLastChangedAt
01JA8DYDBG0RZ7C5DKR2Y0W0HG,01JA8DW8VW15DZ26W151M0WSM8,2024-10-15T16:50:00.304110221+01:00,01JA8DW8W489V6P3NWWRY6DHAN,2024-10-15T16:50:00.304110221+01:00,,,01JA8DWFVFKQB85P2983RXBTR1,2024-10-15T16:50:00.304110221+01:00,,,01JA8DWPGMG899RCYDW05KMZCY,2024-10-15T16:50:00.304110221+01:00,HHCollabSwitched,2024-10-15T16:50:00.306785217+01:00,2,2024-10-15T16:50:06.5598813+01:00,,
01JA8E0EYN706RF49ERJFNACYN,01JA8DW8VW15DZ26W151M0WSM8,2024-10-15T16:51:07.477013862+01:00,01JA8DW8W489V6P3NWWRY6DHAN,2024-10-15T16:51:07.477013862+01:00,,,01JA8DWFVFKQB85P2983RXBTR1,2024-10-15T16:51:07.477013862+01:00,,,01JA8DWPGNW3NA6MV0WP9JBTA7,2024-10-15T16:51:07.477013862+01:00,HHInterleaved,2024-10-15T16:51:07.479275856+01:00,2,2024-10-15T16:51:14.498598122+01:00,,
01JA8DWPKZAAMXBH1T90VFV80P,01JA8DW8VW15DZ26W151M0WSM8,2024-10-15T16:49:04.255245804+01:00,01JA8DW8W489V6P3NWWRY6DHAN,2024-10-15T16:49:04.255245804+01:00,,,01JA8DWFVFKQB85P2983RXBTR1,2024-10-15T16:49:04.255245804+01:00,,,01JA8DWPGMG899RCYDV4Y844GF,2024-10-15T16:49:04.255245804+01:00,testRound,2024-10-15T16:49:04.259392514+01:00,,,,
01JA8DYDBF736F3AQPNZ478WQ4,01JA8DW8VW15DZ26W151M0WSM8,2024-10-15T16:50:00.304001383+01:00,01JA8DW8W489V6P3NWWRY6DHAN,2024-10-15T16:50:00.304001383+01:00,,,01JA8DWD2YBD0M9GD2B75XXKKG,2024-10-15T16:50:00.304001383+01:00,,,01JA8DWPGMG899RCYDW05KMZCY,2024-10-15T16:50:00.304001383+01:00,HHCollabSwitched,2024-10-15T16:50:00.306785217+01:00,2,2024-10-15T16:50:06.561604094+01:00,,
01JA8DX36N6WW1DGVHQHQTG2GB,01JA8DW8VW15DZ26W151M0WSM8,2024-10-15T16:49:17.141315002+01:00,01JA8DW8W489V6P3NWWRY6DHAN,2024-10-15T16:49:17.141315002+01:00,,,01JA8DWFVFKQB85P2983RXBTR1,2024-10-15T16:49:17.141315002+01:00,,,01JA8DWPGMG899RCYDVJYWW1KF,2024-10-15T16:49:17.141315002+01:00,HHCollab,2024-10-15T16:49:17.143726488+01:00,2,2024-10-15T16:49:22.160193896+01:00,,
01JA8DZMS91V6RCHBKVQR3WZYE,01JA8DW8VW15DZ26W151M0WSM8,2024-10-15T16:50:40.681674627+01:00,01JA8DW8W489V6P3NWWRY6DHAN,2024-10-15T16:50:40.681674627+01:00,Dog,2024-10-15T16:50:51.308616706+01:00,01JA8DWD2YBD0M9GD2B75XXKKG,2024-10-15T16:50:40.681674627+01:00,[4958],2024-10-15T16:50:49.260915911+01:00,01JA8DWPGNW3NA6MV0WB1KG1RT,2024-10-15T16:50:40.681674627+01:00,SelfiInitiatedLLM,2024-10-15T16:50:40.699949511+01:00,1,2024-10-15T16:50:51.312268772+01:00,"[{""text"":""Lemur"",""source"":""ai"",""timestamp"":5565},{""text"":""Dog"",""source"":""user"",""timestamp"":7191}]",2024-10-15T16:50:51.307966911+01:00
01JA8DZMS91V6RCHBKW49371QG,01JA8DW8VW15DZ26W151M0WSM8,2024-10-15T16:50:40.681778716+01:00,01JA8DW8W489V6P3NWWRY6DHAN,2024-10-15T16:50:40.681778716+01:00,Dog,2024-10-15T16:50:42.904809262+01:00,01JA8DWFVFKQB85P2983RXBTR1,2024-10-15T16:50:40.681778716+01:00,[2283],2024-10-15T16:50:43.880791268+01:00,01JA8DWPGNW3NA6MV0WB1KG1RT,2024-10-15T16:50:40.681778716+01:00,SelfiInitiatedLLM,2024-10-15T16:50:40.702365731+01:00,1,2024-10-15T16:50:42.905684923+01:00,"[{""text"":""Dog"",""source"":""user"",""timestamp"":1215},{""text"":""Tiger"",""source"":""ai"",""timestamp"":2855}]",2024-10-15T16:50:47.334508744+01:00
01JA8E0EYMDPEJRKZ3B00SNCT4,01JA8DW8VW15DZ26W151M0WSM8,2024-10-15T16:51:07.476910349+01:00,01JA8DW8W489V6P3NWWRY6DHAN,2024-10-15T16:51:07.476910349+01:00,,,01JA8DWD2YBD0M9GD2B75XXKKG,2024-10-15T16:51:07.476910349+01:00,,,01JA8DWPGNW3NA6MV0WP9JBTA7,2024-10-15T16:51:07.476910349+01:00,HHInterleaved,2024-10-15T16:51:07.479275856+01:00,2,2024-10-15T16:51:14.494157006+01:00,,
01JA8E1R1SD94ADPJCTV4EQNFM,01JA8DW8VW15DZ26W151M0WSM8,2024-10-15T16:51:49.561941517+01:00,01JA8DW8W489V6P3NWWRY6DHAN,2024-10-15T16:51:49.561941517+01:00,Cat,2024-10-15T16:51:52.329060674+01:00,01JA8DWD2YBD0M9GD2B75XXKKG,2024-10-15T16:51:49.561941517+01:00,,,01JA8DWPGNW3NA6MV0X183EXTH,2024-10-15T16:51:49.561941517+01:00,InterleavedLLM,2024-10-15T16:51:49.579334081+01:00,1,2024-10-15T16:51:52.329922878+01:00,"[{""text"":""Cat"",""source"":""user"",""timestamp"":1674},{""text"":""Tiger"",""source"":""ai"",""timestamp"":2687}]",2024-10-15T16:51:53.25509919+01:00
01JA8E1R1TVJXABQ86ZTCT2QFD,01JA8DW8VW15DZ26W151M0WSM8,2024-10-15T16:51:49.562032426+01:00,01JA8DW8W489V6P3NWWRY6DHAN,2024-10-15T16:51:49.562032426+01:00,Lemur,2024-10-15T16:51:58.774535276+01:00,01JA8DWFVFKQB85P2983RXBTR1,2024-10-15T16:51:49.562032426+01:00,,,01JA8DWPGNW3NA6MV0X183EXTH,2024-10-15T16:51:49.562032426+01:00,InterleavedLLM,2024-10-15T16:51:49.584916781+01:00,1,2024-10-15T16:51:58.775470925+01:00,"[{""text"":""Lemur"",""source"":""user"",""timestamp"":5504},{""text"":""Kangaroo"",""source"":""ai"",""timestamp"":6312}]",2024-10-15T16:51:59.509914065+01:00
01JA8DWPKZAAMXBH1T8PM23F1R,01JA8DW8VW15DZ26W151M0WSM8,2024-10-15T16:49:04.255149543+01:00,01JA8DW8W489V6P3NWWRY6DHAN,2024-10-15T16:49:04.255149543+01:00,,,01JA8DWD2YBD0M9GD2B75XXKKG,2024-10-15T16:49:04.255149543+01:00,,,01JA8DWPGMG899RCYDV4Y844GF,2024-10-15T16:49:04.255149543+01:00,testRound,2024-10-15T16:49:04.259392514+01:00,,,,
01JA8DX36N6WW1DGVHQ6FM7WX2,01JA8DW8VW15DZ26W151M0WSM8,2024-10-15T16:49:17.141221352+01:00,01JA8DW8W489V6P3NWWRY6DHAN,2024-10-15T16:49:17.141221352+01:00,,,01JA8DWD2YBD0M9GD2B75XXKKG,2024-10-15T16:49:17.141221352+01:00,,,01JA8DWPGMG899RCYDVJYWW1KF,2024-10-15T16:49:17.141221352+01:00,HHCollab,2024-10-15T16:49:17.143726488+01:00,2,2024-10-15T16:49:22.157778486+01:00,,
