id,apiResponse,apiResponseLastChangedAt,batchID,batchIDLastChangedAt,gameID,gameIDLastChangedAt,playerID,playerIDLastChangedAt,roundID,roundIDLastChangedAt,stageID,stageIDLastChangedAt,submit,submitLastChangedAt
01JA8E01E1A71CB4302ZN38PEF,,,01JA8DW8VW15DZ26W151M0WSM8,2024-10-15T16:50:53.633792928+01:00,01JA8DW8W489V6P3NWWRY6DHAN,2024-10-15T16:50:53.633792928+01:00,01JA8DWFVFKQB85P2983RXBTR1,2024-10-15T16:50:53.633792928+01:00,01JA8DWPGNW3NA6MV0WB1KG1RT,2024-10-15T16:50:53.633792928+01:00,01JA8DWPH4TAXHGBTZHH65B1FF,2024-10-15T16:50:53.633792928+01:00,true,2024-10-15T16:51:05.974586974+01:00
01JA8E0EYXQ5Z1V31QRZD5QG8E,,,01JA8DW8VW15DZ26W151M0WSM8,2024-10-15T16:51:07.485557685+01:00,01JA8DW8W489V6P3NWWRY6DHAN,2024-10-15T16:51:07.485557685+01:00,01JA8DWD2YBD0M9GD2B75XXKKG,2024-10-15T16:51:07.485557685+01:00,01JA8DWPGNW3NA6MV0WP9JBTA7,2024-10-15T16:51:07.485557685+01:00,01JA8DWPH8H1N7KDPVM4E4SE43,2024-10-15T16:51:07.485557685+01:00,,
01JA8E0EYXQ5Z1V31QSAYNYEH6,,,01JA8DW8VW15DZ26W151M0WSM8,2024-10-15T16:51:07.485681769+01:00,01JA8DW8W489V6P3NWWRY6DHAN,2024-10-15T16:51:07.485681769+01:00,01JA8DWFVFKQB85P2983RXBTR1,2024-10-15T16:51:07.485681769+01:00,01JA8DWPGNW3NA6MV0WP9JBTA7,2024-10-15T16:51:07.485681769+01:00,01JA8DWPH8H1N7KDPVM4E4SE43,2024-10-15T16:51:07.485681769+01:00,,
01JA8E1F4PJVYM8B327Y2QFMQS,,,01JA8DW8VW15DZ26W151M0WSM8,2024-10-15T16:51:40.438163373+01:00,01JA8DW8W489V6P3NWWRY6DHAN,2024-10-15T16:51:40.438163373+01:00,01JA8DWFVFKQB85P2983RXBTR1,2024-10-15T16:51:40.438163373+01:00,01JA8DWPGNW3NA6MV0WP9JBTA7,2024-10-15T16:51:40.438163373+01:00,01JA8DWPH8H1N7KDPVMM0D30S3,2024-10-15T16:51:40.438163373+01:00,true,2024-10-15T16:51:47.654354707+01:00
01JA8E1R215BGQN43ETTQNS01C,null,2024-10-15T16:51:53.251978065+01:00,01JA8DW8VW15DZ26W151M0WSM8,2024-10-15T16:51:49.569944617+01:00,01JA8DW8W489V6P3NWWRY6DHAN,2024-10-15T16:51:49.569944617+01:00,01JA8DWD2YBD0M9GD2B75XXKKG,2024-10-15T16:51:49.569944617+01:00,01JA8DWPGNW3NA6MV0X183EXTH,2024-10-15T16:51:49.569944617+01:00,01JA8DWPHCM15QQPMS68EP2RYS,2024-10-15T16:51:49.569944617+01:00,,
01JA8E24PNQ7N03ZM4FXRA0DVJ,,,01JA8DW8VW15DZ26W151M0WSM8,2024-10-15T16:52:02.51710732+01:00,01JA8DW8W489V6P3NWWRY6DHAN,2024-10-15T16:52:02.51710732+01:00,01JA8DWFVFKQB85P2983RXBTR1,2024-10-15T16:52:02.51710732+01:00,01JA8DWPGNW3NA6MV0X183EXTH,2024-10-15T16:52:02.51710732+01:00,01JA8DWPHD82XNB22MRP0Y2A0W,2024-10-15T16:52:02.51710732+01:00,true,2024-10-15T16:52:10.732538389+01:00
01JA8DWPMGE9M7HG0A77D5TSX4,It sounds like you're feeling a little cheesy. That's a gouda pun! What brings you here today?,2024-10-15T16:49:06.675315294+01:00,01JA8DW8VW15DZ26W151M0WSM8,2024-10-15T16:49:04.272773027+01:00,01JA8DW8W489V6P3NWWRY6DHAN,2024-10-15T16:49:04.272773027+01:00,01JA8DWD2YBD0M9GD2B75XXKKG,2024-10-15T16:49:04.272773027+01:00,01JA8DWPGMG899RCYDV4Y844GF,2024-10-15T16:49:04.272773027+01:00,01JA8DWPGSCMH9QTSM738V645R,2024-10-15T16:49:04.272773027+01:00,true,2024-10-15T16:49:11.915631822+01:00
01JA8DWPMGE9M7HG0A7H2RF5KP,"A cheesy pun to start our conversation. I'm happy to meet you too. What's on your mind, or would you like to chat about something in particular?",2024-10-15T16:49:14.258264023+01:00,01JA8DW8VW15DZ26W151M0WSM8,2024-10-15T16:49:04.272889082+01:00,01JA8DW8W489V6P3NWWRY6DHAN,2024-10-15T16:49:04.272889082+01:00,01JA8DWFVFKQB85P2983RXBTR1,2024-10-15T16:49:04.272889082+01:00,01JA8DWPGMG899RCYDV4Y844GF,2024-10-15T16:49:04.272889082+01:00,01JA8DWPGSCMH9QTSM738V645R,2024-10-15T16:49:04.272889082+01:00,true,2024-10-15T16:49:17.129625794+01:00
01JA8DZDHEJC825X5016P59EJS,,,01JA8DW8VW15DZ26W151M0WSM8,2024-10-15T16:50:33.262602552+01:00,01JA8DW8W489V6P3NWWRY6DHAN,2024-10-15T16:50:33.262602552+01:00,01JA8DWD2YBD0M9GD2B75XXKKG,2024-10-15T16:50:33.262602552+01:00,01JA8DWPGMG899RCYDW05KMZCY,2024-10-15T16:50:33.262602552+01:00,01JA8DWPH1WM47SPDY3ESF63VW,2024-10-15T16:50:33.262602552+01:00,true,2024-10-15T16:50:38.768305673+01:00
01JA8DZMSJ4MN5EGKE8SEWETHV,null,2024-10-15T16:50:47.332535517+01:00,01JA8DW8VW15DZ26W151M0WSM8,2024-10-15T16:50:40.690336009+01:00,01JA8DW8W489V6P3NWWRY6DHAN,2024-10-15T16:50:40.690336009+01:00,01JA8DWFVFKQB85P2983RXBTR1,2024-10-15T16:50:40.690336009+01:00,01JA8DWPGNW3NA6MV0WB1KG1RT,2024-10-15T16:50:40.690336009+01:00,01JA8DWPH4TAXHGBTZGV79M62J,2024-10-15T16:50:40.690336009+01:00,,
01JA8DX36YPSGRQKPK0050K369,,,01JA8DW8VW15DZ26W151M0WSM8,2024-10-15T16:49:17.150733929+01:00,01JA8DW8W489V6P3NWWRY6DHAN,2024-10-15T16:49:17.150733929+01:00,01JA8DWD2YBD0M9GD2B75XXKKG,2024-10-15T16:49:17.150733929+01:00,01JA8DWPGMG899RCYDVJYWW1KF,2024-10-15T16:49:17.150733929+01:00,01JA8DWPGXXVT8A0RESCCPCDKH,2024-10-15T16:49:17.150733929+01:00,,
01JA8DYDBSWMD4XFP2V15FKYYY,,,01JA8DW8VW15DZ26W151M0WSM8,2024-10-15T16:50:00.313420438+01:00,01JA8DW8W489V6P3NWWRY6DHAN,2024-10-15T16:50:00.313420438+01:00,01JA8DWD2YBD0M9GD2B75XXKKG,2024-10-15T16:50:00.313420438+01:00,01JA8DWPGMG899RCYDW05KMZCY,2024-10-15T16:50:00.313420438+01:00,01JA8DWPH063XDYJY63XKQAARJ,2024-10-15T16:50:00.313420438+01:00,,
01JA8E01E1A71CB4302HVEJH0Q,,,01JA8DW8VW15DZ26W151M0WSM8,2024-10-15T16:50:53.633634399+01:00,01JA8DW8W489V6P3NWWRY6DHAN,2024-10-15T16:50:53.633634399+01:00,01JA8DWD2YBD0M9GD2B75XXKKG,2024-10-15T16:50:53.633634399+01:00,01JA8DWPGNW3NA6MV0WB1KG1RT,2024-10-15T16:50:53.633634399+01:00,01JA8DWPH4TAXHGBTZHH65B1FF,2024-10-15T16:50:53.633634399+01:00,true,2024-10-15T16:51:07.464612162+01:00
01JA8DY3CJGVZ93CJ8YB4Q9DAY,,,01JA8DW8VW15DZ26W151M0WSM8,2024-10-15T16:49:50.098403668+01:00,01JA8DW8W489V6P3NWWRY6DHAN,2024-10-15T16:49:50.098403668+01:00,01JA8DWD2YBD0M9GD2B75XXKKG,2024-10-15T16:49:50.098403668+01:00,01JA8DWPGMG899RCYDVJYWW1KF,2024-10-15T16:49:50.098403668+01:00,01JA8DWPGXXVT8A0RET3ZDVJZ5,2024-10-15T16:49:50.098403668+01:00,true,2024-10-15T16:50:00.291659011+01:00
01JA8DYDBSWMD4XFP2VED7EKM5,,,01JA8DW8VW15DZ26W151M0WSM8,2024-10-15T16:50:00.3135442+01:00,01JA8DW8W489V6P3NWWRY6DHAN,2024-10-15T16:50:00.3135442+01:00,01JA8DWFVFKQB85P2983RXBTR1,2024-10-15T16:50:00.3135442+01:00,01JA8DWPGMG899RCYDW05KMZCY,2024-10-15T16:50:00.3135442+01:00,01JA8DWPH063XDYJY63XKQAARJ,2024-10-15T16:50:00.3135442+01:00,,
01JA8DZDHEJC825X501GJ8VNJ4,,,01JA8DW8VW15DZ26W151M0WSM8,2024-10-15T16:50:33.262780417+01:00,01JA8DW8W489V6P3NWWRY6DHAN,2024-10-15T16:50:33.262780417+01:00,01JA8DWFVFKQB85P2983RXBTR1,2024-10-15T16:50:33.262780417+01:00,01JA8DWPGMG899RCYDW05KMZCY,2024-10-15T16:50:33.262780417+01:00,01JA8DWPH1WM47SPDY3ESF63VW,2024-10-15T16:50:33.262780417+01:00,true,2024-10-15T16:50:40.670950271+01:00
01JA8DZMSJ4MN5EGKE8FSKT4JA,null,2024-10-15T16:50:49.81524524+01:00,01JA8DW8VW15DZ26W151M0WSM8,2024-10-15T16:50:40.690248824+01:00,01JA8DW8W489V6P3NWWRY6DHAN,2024-10-15T16:50:40.690248824+01:00,01JA8DWD2YBD0M9GD2B75XXKKG,2024-10-15T16:50:40.690248824+01:00,01JA8DWPGNW3NA6MV0WB1KG1RT,2024-10-15T16:50:40.690248824+01:00,01JA8DWPH4TAXHGBTZGV79M62J,2024-10-15T16:50:40.690248824+01:00,,
01JA8E1F4PJVYM8B327FWB9K0C,,,01JA8DW8VW15DZ26W151M0WSM8,2024-10-15T16:51:40.438050859+01:00,01JA8DW8W489V6P3NWWRY6DHAN,2024-10-15T16:51:40.438050859+01:00,01JA8DWD2YBD0M9GD2B75XXKKG,2024-10-15T16:51:40.438050859+01:00,01JA8DWPGNW3NA6MV0WP9JBTA7,2024-10-15T16:51:40.438050859+01:00,01JA8DWPH8H1N7KDPVMM0D30S3,2024-10-15T16:51:40.438050859+01:00,true,2024-10-15T16:51:49.548241518+01:00
01JA8E1R22MBM4728E6RHV9PK2,null,2024-10-15T16:51:59.507178207+01:00,01JA8DW8VW15DZ26W151M0WSM8,2024-10-15T16:51:49.570069421+01:00,01JA8DW8W489V6P3NWWRY6DHAN,2024-10-15T16:51:49.570069421+01:00,01JA8DWFVFKQB85P2983RXBTR1,2024-10-15T16:51:49.570069421+01:00,01JA8DWPGNW3NA6MV0X183EXTH,2024-10-15T16:51:49.570069421+01:00,01JA8DWPHCM15QQPMS68EP2RYS,2024-10-15T16:51:49.570069421+01:00,,
01JA8E24PNQ7N03ZM4GA6WEE0M,,,01JA8DW8VW15DZ26W151M0WSM8,2024-10-15T16:52:02.517256936+01:00,01JA8DW8W489V6P3NWWRY6DHAN,2024-10-15T16:52:02.517256936+01:00,01JA8DWD2YBD0M9GD2B75XXKKG,2024-10-15T16:52:02.517256936+01:00,01JA8DWPGNW3NA6MV0X183EXTH,2024-10-15T16:52:02.517256936+01:00,01JA8DWPHD82XNB22MRP0Y2A0W,2024-10-15T16:52:02.517256936+01:00,true,2024-10-15T16:52:09.292421623+01:00
01JA8DX36YPSGRQKPK0C5S3FB5,,,01JA8DW8VW15DZ26W151M0WSM8,2024-10-15T16:49:17.150894793+01:00,01JA8DW8W489V6P3NWWRY6DHAN,2024-10-15T16:49:17.150894793+01:00,01JA8DWFVFKQB85P2983RXBTR1,2024-10-15T16:49:17.150894793+01:00,01JA8DWPGMG899RCYDVJYWW1KF,2024-10-15T16:49:17.150894793+01:00,01JA8DWPGXXVT8A0RESCCPCDKH,2024-10-15T16:49:17.150894793+01:00,,
01JA8DY3CJGVZ93CJ8YKJDWVT7,,,01JA8DW8VW15DZ26W151M0WSM8,2024-10-15T16:49:50.098542157+01:00,01JA8DW8W489V6P3NWWRY6DHAN,2024-10-15T16:49:50.098542157+01:00,01JA8DWFVFKQB85P2983RXBTR1,2024-10-15T16:49:50.098542157+01:00,01JA8DWPGMG899RCYDVJYWW1KF,2024-10-15T16:49:50.098542157+01:00,01JA8DWPGXXVT8A0RET3ZDVJZ5,2024-10-15T16:49:50.098542157+01:00,true,2024-10-15T16:49:56.980322477+01:00
