id,apiResponse,apiResponseLastChangedAt,batchID,batchIDLastChangedAt,gameID,gameIDLastChangedAt,playerID,playerIDLastChangedAt,roundID,roundIDLastChangedAt,stageID,stageIDLastChangedAt,submit,submitLastChangedAt
01JA5YVY42163XS8J6T9GBNXT7,"It sounds like you're feeling a little cheesy. That's a gouda pun, by the way. What's on your mind? Want to chat about cheese or something else?",2024-10-14T17:48:11.234294486+01:00,01JA5YVDW9616TWMJ92X8X7J7X,2024-10-14T17:48:01.666167552+01:00,01JA5YVDWM5JPZQXCDD4QNNW8Y,2024-10-14T17:48:01.666167552+01:00,01JA5YVMZX0QGJEN1JAY9RSZ0A,2024-10-14T17:48:01.666167552+01:00,01JA5YVXZVFYH3E0FZ6G00H1T7,2024-10-14T17:48:01.666167552+01:00,01JA5YVY02J87SZJ12RW05Z8QR,2024-10-14T17:48:01.666167552+01:00,true,2024-10-14T17:48:24.560143242+01:00
01JA5YWMG67TR1MAY2B2J50A46,,,01JA5YVDW9616TWMJ92X8X7J7X,2024-10-14T17:48:24.582851282+01:00,01JA5YVDWM5JPZQXCDD4QNNW8Y,2024-10-14T17:48:24.582851282+01:00,01JA5YVMZX0QGJEN1JAY9RSZ0A,2024-10-14T17:48:24.582851282+01:00,01JA5YVXZW6R8JMJ3N4YHAV344,2024-10-14T17:48:24.582851282+01:00,01JA5YVY069X87Y4R32JEBRB24,2024-10-14T17:48:24.582851282+01:00,,
01JA5YZ0F39CGYDYCZTYQC46BN,Tiger,2024-10-14T17:50:06.335633857+01:00,01JA5YVDW9616TWMJ92X8X7J7X,2024-10-14T17:49:42.371712318+01:00,01JA5YVDWM5JPZQXCDD4QNNW8Y,2024-10-14T17:49:42.371712318+01:00,01JA5YVJEZTD9KX2R3GQFYAMP8,2024-10-14T17:49:42.371712318+01:00,01JA5YVXZXVH0T8EZNH16GR2TG,2024-10-14T17:49:42.371712318+01:00,01JA5YVY0D4VPV20XVGPKRYN9J,2024-10-14T17:49:42.371712318+01:00,,
01JA5YZ0F39CGYDYCZVEPYTDNE,,,01JA5YVDW9616TWMJ92X8X7J7X,2024-10-14T17:49:42.371849719+01:00,01JA5YVDWM5JPZQXCDD4QNNW8Y,2024-10-14T17:49:42.371849719+01:00,01JA5YVMZX0QGJEN1JAY9RSZ0A,2024-10-14T17:49:42.371849719+01:00,01JA5YVXZXVH0T8EZNH16GR2TG,2024-10-14T17:49:42.371849719+01:00,01JA5YVY0D4VPV20XVGPKRYN9J,2024-10-14T17:49:42.371849719+01:00,,
01JA5Z0CYY1Q68QBRNBHV5YA13,,,01JA5YVDW9616TWMJ92X8X7J7X,2024-10-14T17:50:27.934983925+01:00,01JA5YVDWM5JPZQXCDD4QNNW8Y,2024-10-14T17:50:27.934983925+01:00,01JA5YVJEZTD9KX2R3GQFYAMP8,2024-10-14T17:50:27.934983925+01:00,01JA5YVXZXVH0T8EZNGHCB2B1Y,2024-10-14T17:50:27.934983925+01:00,01JA5YVY0JRH2A53CYYWK2C9K4,2024-10-14T17:50:27.934983925+01:00,,
01JA5Z1B0P2BZXGWGMDTG3MREH,,,01JA5YVDW9616TWMJ92X8X7J7X,2024-10-14T17:50:58.710676398+01:00,01JA5YVDWM5JPZQXCDD4QNNW8Y,2024-10-14T17:50:58.710676398+01:00,01JA5YVMZX0QGJEN1JAY9RSZ0A,2024-10-14T17:50:58.710676398+01:00,01JA5YVXZXVH0T8EZNGHCB2B1Y,2024-10-14T17:50:58.710676398+01:00,01JA5YVY0JRH2A53CYZHPXH8ZR,2024-10-14T17:50:58.710676398+01:00,true,2024-10-14T17:51:05.582267167+01:00
01JA5Z1HR4FZ75W6H1CD7F4TG4,null,2024-10-14T17:51:09.628089243+01:00,01JA5YVDW9616TWMJ92X8X7J7X,2024-10-14T17:51:05.604194588+01:00,01JA5YVDWM5JPZQXCDD4QNNW8Y,2024-10-14T17:51:05.604194588+01:00,01JA5YVMZX0QGJEN1JAY9RSZ0A,2024-10-14T17:51:05.604194588+01:00,01JA5YVXZXVH0T8EZNFTJB2HHC,2024-10-14T17:51:05.604194588+01:00,01JA5YVY0PNQSPP50RHKTNEF6W,2024-10-14T17:51:05.604194588+01:00,,
01JA5YVY4117BYYPWGQEHCPJPW,"A cheesy pun to start our conversation. I'm happy to meet you too. What's on your mind, or would you like to grate some conversation topics?",2024-10-14T17:48:04.988805342+01:00,01JA5YVDW9616TWMJ92X8X7J7X,2024-10-14T17:48:01.665742469+01:00,01JA5YVDWM5JPZQXCDD4QNNW8Y,2024-10-14T17:48:01.665742469+01:00,01JA5YVJEZTD9KX2R3GQFYAMP8,2024-10-14T17:48:01.665742469+01:00,01JA5YVXZVFYH3E0FZ6G00H1T7,2024-10-14T17:48:01.665742469+01:00,01JA5YVY02J87SZJ12RW05Z8QR,2024-10-14T17:48:01.665742469+01:00,true,2024-10-14T17:48:07.637135968+01:00
01JA5YXJM91QNS6AW9FXE9KBJJ,,,01JA5YVDW9616TWMJ92X8X7J7X,2024-10-14T17:48:55.433320751+01:00,01JA5YVDWM5JPZQXCDD4QNNW8Y,2024-10-14T17:48:55.433320751+01:00,01JA5YVJEZTD9KX2R3GQFYAMP8,2024-10-14T17:48:55.433320751+01:00,01JA5YVXZW6R8JMJ3N4YHAV344,2024-10-14T17:48:55.433320751+01:00,01JA5YVY069X87Y4R335TYZFKC,2024-10-14T17:48:55.433320751+01:00,true,2024-10-14T17:48:59.929078059+01:00
01JA5Z1B0P2BZXGWGMDEBA8DNN,,,01JA5YVDW9616TWMJ92X8X7J7X,2024-10-14T17:50:58.710540313+01:00,01JA5YVDWM5JPZQXCDD4QNNW8Y,2024-10-14T17:50:58.710540313+01:00,01JA5YVJEZTD9KX2R3GQFYAMP8,2024-10-14T17:50:58.710540313+01:00,01JA5YVXZXVH0T8EZNGHCB2B1Y,2024-10-14T17:50:58.710540313+01:00,01JA5YVY0JRH2A53CYZHPXH8ZR,2024-10-14T17:50:58.710540313+01:00,true,2024-10-14T17:51:03.078878656+01:00
01JA5Z1VH680TM6T8KQCDC9MMH,,,01JA5YVDW9616TWMJ92X8X7J7X,2024-10-14T17:51:15.622653506+01:00,01JA5YVDWM5JPZQXCDD4QNNW8Y,2024-10-14T17:51:15.622653506+01:00,01JA5YVJEZTD9KX2R3GQFYAMP8,2024-10-14T17:51:15.622653506+01:00,01JA5YVXZXVH0T8EZNFTJB2HHC,2024-10-14T17:51:15.622653506+01:00,01JA5YVY0PNQSPP50RJ5A0Z28R,2024-10-14T17:51:15.622653506+01:00,true,2024-10-14T17:51:21.820453101+01:00
01JA5Z1VH680TM6T8KQWHRSYQK,,,01JA5YVDW9616TWMJ92X8X7J7X,2024-10-14T17:51:15.622785557+01:00,01JA5YVDWM5JPZQXCDD4QNNW8Y,2024-10-14T17:51:15.622785557+01:00,01JA5YVMZX0QGJEN1JAY9RSZ0A,2024-10-14T17:51:15.622785557+01:00,01JA5YVXZXVH0T8EZNFTJB2HHC,2024-10-14T17:51:15.622785557+01:00,01JA5YVY0PNQSPP50RJ5A0Z28R,2024-10-14T17:51:15.622785557+01:00,true,2024-10-14T17:51:20.203388177+01:00
01JA5YWMG67TR1MAY2AQK8DYYD,,,01JA5YVDW9616TWMJ92X8X7J7X,2024-10-14T17:48:24.582705544+01:00,01JA5YVDWM5JPZQXCDD4QNNW8Y,2024-10-14T17:48:24.582705544+01:00,01JA5YVJEZTD9KX2R3GQFYAMP8,2024-10-14T17:48:24.582705544+01:00,01JA5YVXZW6R8JMJ3N4YHAV344,2024-10-14T17:48:24.582705544+01:00,01JA5YVY069X87Y4R32JEBRB24,2024-10-14T17:48:24.582705544+01:00,,
01JA5YYPYTKZ49WVZPXH60VG69,,,01JA5YVDW9616TWMJ92X8X7J7X,2024-10-14T17:49:32.634974651+01:00,01JA5YVDWM5JPZQXCDD4QNNW8Y,2024-10-14T17:49:32.634974651+01:00,01JA5YVJEZTD9KX2R3GQFYAMP8,2024-10-14T17:49:32.634974651+01:00,01JA5YVXZXVH0T8EZNG58SPTWG,2024-10-14T17:49:32.634974651+01:00,01JA5YVY0APPR6RD2J8H6EGGH7,2024-10-14T17:49:32.634974651+01:00,true,2024-10-14T17:49:42.348945837+01:00
01JA5YYPYVV9B8CMDSZ0FZQCV8,,,01JA5YVDW9616TWMJ92X8X7J7X,2024-10-14T17:49:32.635096676+01:00,01JA5YVDWM5JPZQXCDD4QNNW8Y,2024-10-14T17:49:32.635096676+01:00,01JA5YVMZX0QGJEN1JAY9RSZ0A,2024-10-14T17:49:32.635096676+01:00,01JA5YVXZXVH0T8EZNG58SPTWG,2024-10-14T17:49:32.635096676+01:00,01JA5YVY0APPR6RD2J8H6EGGH7,2024-10-14T17:49:32.635096676+01:00,true,2024-10-14T17:49:40.289797481+01:00
01JA5YXJM91QNS6AW9G69HY3AT,,,01JA5YVDW9616TWMJ92X8X7J7X,2024-10-14T17:48:55.433455315+01:00,01JA5YVDWM5JPZQXCDD4QNNW8Y,2024-10-14T17:48:55.433455315+01:00,01JA5YVMZX0QGJEN1JAY9RSZ0A,2024-10-14T17:48:55.433455315+01:00,01JA5YVXZW6R8JMJ3N4YHAV344,2024-10-14T17:48:55.433455315+01:00,01JA5YVY069X87Y4R335TYZFKC,2024-10-14T17:48:55.433455315+01:00,true,2024-10-14T17:49:01.791722795+01:00
01JA5YXRVQ10TYGRAR0407MTK6,,,01JA5YVDW9616TWMJ92X8X7J7X,2024-10-14T17:49:01.815342549+01:00,01JA5YVDWM5JPZQXCDD4QNNW8Y,2024-10-14T17:49:01.815342549+01:00,01JA5YVJEZTD9KX2R3GQFYAMP8,2024-10-14T17:49:01.815342549+01:00,01JA5YVXZXVH0T8EZNG58SPTWG,2024-10-14T17:49:01.815342549+01:00,01JA5YVY09ZR4RMN9JFJ3KT8J0,2024-10-14T17:49:01.815342549+01:00,,
01JA5YXRVQ10TYGRAR0E73GPJB,,,01JA5YVDW9616TWMJ92X8X7J7X,2024-10-14T17:49:01.815442451+01:00,01JA5YVDWM5JPZQXCDD4QNNW8Y,2024-10-14T17:49:01.815442451+01:00,01JA5YVMZX0QGJEN1JAY9RSZ0A,2024-10-14T17:49:01.815442451+01:00,01JA5YVXZXVH0T8EZNG58SPTWG,2024-10-14T17:49:01.815442451+01:00,01JA5YVY09ZR4RMN9JFJ3KT8J0,2024-10-14T17:49:01.815442451+01:00,,
01JA5YZQW8S06KTDD6K544ETNJ,,,01JA5YVDW9616TWMJ92X8X7J7X,2024-10-14T17:50:06.344177667+01:00,01JA5YVDWM5JPZQXCDD4QNNW8Y,2024-10-14T17:50:06.344177667+01:00,01JA5YVJEZTD9KX2R3GQFYAMP8,2024-10-14T17:50:06.344177667+01:00,01JA5YVXZXVH0T8EZNH16GR2TG,2024-10-14T17:50:06.344177667+01:00,01JA5YVY0D4VPV20XVHBCAJVDP,2024-10-14T17:50:06.344177667+01:00,true,2024-10-14T17:50:27.9117992+01:00
01JA5YZQW8S06KTDD6KFB67QWH,,,01JA5YVDW9616TWMJ92X8X7J7X,2024-10-14T17:50:06.344316414+01:00,01JA5YVDWM5JPZQXCDD4QNNW8Y,2024-10-14T17:50:06.344316414+01:00,01JA5YVMZX0QGJEN1JAY9RSZ0A,2024-10-14T17:50:06.344316414+01:00,01JA5YVXZXVH0T8EZNH16GR2TG,2024-10-14T17:50:06.344316414+01:00,01JA5YVY0D4VPV20XVHBCAJVDP,2024-10-14T17:50:06.344316414+01:00,true,2024-10-14T17:50:25.793206109+01:00
01JA5Z0CYY1Q68QBRNB4E7KTVN,,,01JA5YVDW9616TWMJ92X8X7J7X,2024-10-14T17:50:27.934831659+01:00,01JA5YVDWM5JPZQXCDD4QNNW8Y,2024-10-14T17:50:27.934831659+01:00,01JA5YVMZX0QGJEN1JAY9RSZ0A,2024-10-14T17:50:27.934831659+01:00,01JA5YVXZXVH0T8EZNGHCB2B1Y,2024-10-14T17:50:27.934831659+01:00,01JA5YVY0JRH2A53CYYWK2C9K4,2024-10-14T17:50:27.934831659+01:00,,
01JA5Z1HR4FZ75W6H1BVQHS6C9,null,2024-10-14T17:51:14.649905631+01:00,01JA5YVDW9616TWMJ92X8X7J7X,2024-10-14T17:51:05.60405918+01:00,01JA5YVDWM5JPZQXCDD4QNNW8Y,2024-10-14T17:51:05.60405918+01:00,01JA5YVJEZTD9KX2R3GQFYAMP8,2024-10-14T17:51:05.60405918+01:00,01JA5YVXZXVH0T8EZNFTJB2HHC,2024-10-14T17:51:05.60405918+01:00,01JA5YVY0PNQSPP50RHKTNEF6W,2024-10-14T17:51:05.60405918+01:00,,
