id,batchID,batchIDLastChangedAt,gameID,gameIDLastChangedAt,lastWord,lastWordLastChangedAt,playerID,playerIDLastChangedAt,roundID,roundIDLastChangedAt,score,scoreLastChangedAt,words,wordsLastChangedAt
01JA5YVY3F01E5A9SYAKRAP2PB,01JA5YVDW9616TWMJ92X8X7J7X,2024-10-14T17:48:01.647652223+01:00,01JA5YVDWM5JPZQXCDD4QNNW8Y,2024-10-14T17:48:01.647652223+01:00,,,01JA5YVMZX0QGJEN1JAY9RSZ0A,2024-10-14T17:48:01.647652223+01:00,01JA5YVXZVFYH3E0FZ6G00H1T7,2024-10-14T17:48:01.647652223+01:00,,,,
01JA5YWMFXGCBXB274XE32D0M5,01JA5YVDW9616TWMJ92X8X7J7X,2024-10-14T17:48:24.573604001+01:00,01JA5YVDWM5JPZQXCDD4QNNW8Y,2024-10-14T17:48:24.573604001+01:00,,,01JA5YVJEZTD9KX2R3GQFYAMP8,2024-10-14T17:48:24.573604001+01:00,01JA5YVXZW6R8JMJ3N4YHAV344,2024-10-14T17:48:24.573604001+01:00,1,2024-10-14T17:48:28.296667996+01:00,,
01JA5YWMFXGCBXB274XQHK533K,01JA5YVDW9616TWMJ92X8X7J7X,2024-10-14T17:48:24.573679742+01:00,01JA5YVDWM5JPZQXCDD4QNNW8Y,2024-10-14T17:48:24.573679742+01:00,,,01JA5YVMZX0QGJEN1JAY9RSZ0A,2024-10-14T17:48:24.573679742+01:00,01JA5YVXZW6R8JMJ3N4YHAV344,2024-10-14T17:48:24.573679742+01:00,1,2024-10-14T17:48:28.301120038+01:00,,
01JA5Z0CYNWZBW4V04M0VF3J8C,01JA5YVDW9616TWMJ92X8X7J7X,2024-10-14T17:50:27.925341966+01:00,01JA5YVDWM5JPZQXCDD4QNNW8Y,2024-10-14T17:50:27.925341966+01:00,,,01JA5YVMZX0QGJEN1JAY9RSZ0A,2024-10-14T17:50:27.925341966+01:00,01JA5YVXZXVH0T8EZNGHCB2B1Y,2024-10-14T17:50:27.925341966+01:00,4,2024-10-14T17:50:43.486059141+01:00,,
01JA5Z1HQT96EVM235032XPVJR,01JA5YVDW9616TWMJ92X8X7J7X,2024-10-14T17:51:05.594993275+01:00,01JA5YVDWM5JPZQXCDD4QNNW8Y,2024-10-14T17:51:05.594993275+01:00,Cat,2024-10-14T17:51:13.06601443+01:00,01JA5YVJEZTD9KX2R3GQFYAMP8,2024-10-14T17:51:05.594993275+01:00,01JA5YVXZXVH0T8EZNFTJB2HHC,2024-10-14T17:51:05.594993275+01:00,1,2024-10-14T17:51:13.067078687+01:00,"[{""text"":""Cat"",""source"":""user"",""timestamp"":7756},{""text"":""Tiger"",""source"":""ai"",""timestamp"":9378}]",2024-10-14T17:51:14.653351589+01:00
01JA5Z1HQVDBFD4ZZ4VJSW3915,01JA5YVDW9616TWMJ92X8X7J7X,2024-10-14T17:51:05.595092827+01:00,01JA5YVDWM5JPZQXCDD4QNNW8Y,2024-10-14T17:51:05.595092827+01:00,Dog,2024-10-14T17:51:08.605824154+01:00,01JA5YVMZX0QGJEN1JAY9RSZ0A,2024-10-14T17:51:05.595092827+01:00,01JA5YVXZXVH0T8EZNFTJB2HHC,2024-10-14T17:51:05.595092827+01:00,1,2024-10-14T17:51:08.606644032+01:00,"[{""text"":""Dog"",""source"":""user"",""timestamp"":3196},{""text"":""Tiger"",""source"":""ai"",""timestamp"":4248}]",2024-10-14T17:51:09.631399038+01:00
01JA5YVY3F01E5A9SYA7916S5Z,01JA5YVDW9616TWMJ92X8X7J7X,2024-10-14T17:48:01.647540474+01:00,01JA5YVDWM5JPZQXCDD4QNNW8Y,2024-10-14T17:48:01.647540474+01:00,,,01JA5YVJEZTD9KX2R3GQFYAMP8,2024-10-14T17:48:01.647540474+01:00,01JA5YVXZVFYH3E0FZ6G00H1T7,2024-10-14T17:48:01.647540474+01:00,,,,
01JA5YXRVEP2FS6JTFMJYR0408,01JA5YVDW9616TWMJ92X8X7J7X,2024-10-14T17:49:01.806626401+01:00,01JA5YVDWM5JPZQXCDD4QNNW8Y,2024-10-14T17:49:01.806626401+01:00,,,01JA5YVMZX0QGJEN1JAY9RSZ0A,2024-10-14T17:49:01.806626401+01:00,01JA5YVXZXVH0T8EZNG58SPTWG,2024-10-14T17:49:01.806626401+01:00,1,2024-10-14T17:49:04.680304251+01:00,,
01JA5YXRVEP2FS6JTFMTP5YKD4,01JA5YVDW9616TWMJ92X8X7J7X,2024-10-14T17:49:01.806718183+01:00,01JA5YVDWM5JPZQXCDD4QNNW8Y,2024-10-14T17:49:01.806718183+01:00,,,01JA5YVJEZTD9KX2R3GQFYAMP8,2024-10-14T17:49:01.806718183+01:00,01JA5YVXZXVH0T8EZNG58SPTWG,2024-10-14T17:49:01.806718183+01:00,1,2024-10-14T17:49:04.685453636+01:00,,
01JA5YZ0ETBSXKRG53GVAX8AQP,01JA5YVDW9616TWMJ92X8X7J7X,2024-10-14T17:49:42.362950527+01:00,01JA5YVDWM5JPZQXCDD4QNNW8Y,2024-10-14T17:49:42.362950527+01:00,Dog,2024-10-14T17:49:44.79851419+01:00,01JA5YVJEZTD9KX2R3GQFYAMP8,2024-10-14T17:49:42.362950527+01:00,01JA5YVXZXVH0T8EZNH16GR2TG,2024-10-14T17:49:42.362950527+01:00,1,2024-10-14T17:49:44.801925065+01:00,"[{""text"":""Dog"",""source"":""user"",""timestamp"":2004}]",2024-10-14T17:49:44.798009828+01:00
01JA5YZ0EV782G8TAG76GNVN6V,01JA5YVDW9616TWMJ92X8X7J7X,2024-10-14T17:49:42.363084463+01:00,01JA5YVDWM5JPZQXCDD4QNNW8Y,2024-10-14T17:49:42.363084463+01:00,,,01JA5YVMZX0QGJEN1JAY9RSZ0A,2024-10-14T17:49:42.363084463+01:00,01JA5YVXZXVH0T8EZNH16GR2TG,2024-10-14T17:49:42.363084463+01:00,,,,
01JA5Z0CYNWZBW4V04KPJ29X5Q,01JA5YVDW9616TWMJ92X8X7J7X,2024-10-14T17:50:27.925246402+01:00,01JA5YVDWM5JPZQXCDD4QNNW8Y,2024-10-14T17:50:27.925246402+01:00,,,01JA5YVJEZTD9KX2R3GQFYAMP8,2024-10-14T17:50:27.925246402+01:00,01JA5YVXZXVH0T8EZNGHCB2B1Y,2024-10-14T17:50:27.925246402+01:00,4,2024-10-14T17:50:43.48185862+01:00,,
